id,sku,product_name,batch_id,quantity,expected_location_id,storage_requirement,status,created_at,updated_at
INV-0001,MED-1002-001,Insulin Glargine 100U/ml (Lot 1),BAT-2026-002,61,COLD-A01-R05-B01,COLD_STORAGE,DISCREPANT,2026-09-19T15:23:10.723826,2026-09-19T15:23:10.723826
INV-0002,MED-1003-002,Pfizer COVID-19 Vaccine BNT162b2 (Lot 2),BAT-2026-003,117,COLD-A02-R04-B01,COLD_STORAGE,DISCREPANT,2026-09-19T17:23:10.723826,2026-09-19T17:23:10.723826
INV-0003,MED-1004-003,Morphine Sulfate 10mg Inj (Lot 3),BAT-2026-004,183,CONT-A02-R01-B01,CONTROLLED_ACCESS,DISCREPANT,2026-09-19T19:23:10.723826,2026-09-19T19:23:10.723826
INV-0004,MED-1005-004,Adalimumab 40mg Syringe (Lot 4),BAT-2026-005,195,HIGH-A01-R05-B03,HIGH_VALUE,DISCREPANT,2026-09-19T21:23:10.723826,2026-09-19T21:23:10.723826
INV-0005,MED-1006-005,Paracetamol 500mg Tabs (Lot 5),BAT-2026-006,34,AMBI-A02-R02-B03,AMBIENT,DISCREPANT,2026-09-19T23:23:10.723826,2026-09-19T23:23:10.723826
INV-0006,MED-1007-006,Fentanyl Patch 25mcg/h (Lot 6),BAT-2026-007,28,CONT-A01-R05-B04,CONTROLLED_ACCESS,DISCREPANT,2026-09-20T01:23:10.723826,2026-09-20T01:23:10.723826
INV-0007,MED-1008-007,Erythropoietin 4000IU Inj (Lot 7),BAT-2026-008,122,COLD-A02-R02-B03,COLD_STORAGE,DISCREPANT,2026-09-20T03:23:10.723826,2026-09-20T03:23:10.723826
INV-0008,MED-1009-008,Expired Batch Isolation SKU (Lot 8),BAT-2026-009,36,QUAR-A02-R01-B03,QUARANTINE,DISCREPANT,2026-09-20T05:23:10.723826,2026-09-20T05:23:10.723826
INV-0009,MED-1010-009,Pembrolizumab 100mg/4ml (Lot 9),BAT-2026-010,165,HIGH-A01-R05-B03,HIGH_VALUE,DISCREPANT,2026-09-20T07:23:10.723826,2026-09-20T07:23:10.723826
INV-0010,MED-1001-010,Amoxicillin 500mg Caps (Lot 10),BAT-2026-011,74,AMBI-A02-R02-B03,AMBIENT,DISCREPANT,2026-09-20T09:23:10.723826,2026-09-20T09:23:10.723826
INV-0011,MED-1002-011,Insulin Glargine 100U/ml (Lot 11),BAT-2026-012,121,COLD-A02-R04-B01,COLD_STORAGE,DISCREPANT,2026-09-20T11:23:10.723826,2026-09-20T11:23:10.723826
INV-0012,MED-1003-012,Pfizer COVID-19 Vaccine BNT162b2 (Lot 12),BAT-2026-013,56,COLD-A02-R04-B01,COLD_STORAGE,DISCREPANT,2026-09-20T13:23:10.723826,2026-09-20T13:23:10.723826
INV-0013,MED-1004-013,Morphine Sulfate 10mg Inj (Lot 13),BAT-2026-014,55,CONT-A02-R01-B01,CONTROLLED_ACCESS,AVAILABLE,2026-09-20T15:23:10.723826,2026-09-20T15:23:10.723826
INV-0014,MED-1005-014,Adalimumab 40mg Syringe (Lot 14),BAT-2026-015,163,HIGH-A01-R05-B03,HIGH_VALUE,AVAILABLE,2026-09-20T17:23:10.723826,2026-09-20T17:23:10.723826
INV-0015,MED-1006-015,Paracetamol 500mg Tabs (Lot 15),BAT-2026-016,169,AMBI-A02-R01-B02,AMBIENT,AVAILABLE,2026-09-20T19:23:10.723826,2026-09-20T19:23:10.723826
INV-0016,MED-1007-016,Fentanyl Patch 25mcg/h (Lot 16),BAT-2026-017,169,CONT-A02-R03-B03,CONTROLLED_ACCESS,AVAILABLE,2026-09-20T21:23:10.723826,2026-09-20T21:23:10.723826
INV-0017,MED-1008-017,Erythropoietin 4000IU Inj (Lot 17),BAT-2026-018,112,COLD-A02-R03-B04,COLD_STORAGE,AVAILABLE,2026-09-20T23:23:10.723826,2026-09-20T23:23:10.723826
INV-0018,MED-1009-018,Expired Batch Isolation SKU (Lot 18),BAT-2026-019,55,QUAR-A01-R05-B02,QUARANTINE,AVAILABLE,2026-09-21T01:23:10.723826,2026-09-21T01:23:10.723826
INV-0019,MED-1010-019,Pembrolizumab 100mg/4ml (Lot 19),BAT-2026-020,43,HIGH-A02-R04-B03,HIGH_VALUE,AVAILABLE,2026-09-21T03:23:10.723826,2026-09-21T03:23:10.723826
INV-0020,MED-1001-020,Amoxicillin 500mg Caps (Lot 20),BAT-2026-021,48,AMBI-A01-R02-B02,AMBIENT,AVAILABLE,2026-09-21T05:23:10.723826,2026-09-21T05:23:10.723826
INV-0021,MED-1002-021,Insulin Glargine 100U/ml (Lot 21),BAT-2026-022,180,COLD-A01-R04-B04,COLD_STORAGE,AVAILABLE,2026-09-21T07:23:10.723826,2026-09-21T07:23:10.723826
INV-0022,MED-1003-022,Pfizer COVID-19 Vaccine BNT162b2 (Lot 22),BAT-2026-023,194,COLD-A01-R04-B04,COLD_STORAGE,AVAILABLE,2026-09-21T09:23:10.723826,2026-09-21T09:23:10.723826
INV-0023,MED-1004-023,Morphine Sulfate 10mg Inj (Lot 23),BAT-2026-024,172,CONT-A02-R03-B03,CONTROLLED_ACCESS,AVAILABLE,2026-09-21T11:23:10.723826,2026-09-21T11:23:10.723826
INV-0024,MED-1005-024,Adalimumab 40mg Syringe (Lot 24),BAT-2026-025,118,HIGH-A01-R03-B01,HIGH_VALUE,AVAILABLE,2026-09-21T13:23:10.723826,2026-09-21T13:23:10.723826
INV-0025,MED-1006-025,Paracetamol 500mg Tabs (Lot 25),BAT-2026-001,172,AMBI-A02-R03-B04,AMBIENT,AVAILABLE,2026-09-21T15:23:10.723826,2026-09-21T15:23:10.723826
INV-0026,MED-1007-026,Fentanyl Patch 25mcg/h (Lot 26),BAT-2026-002,155,CONT-A02-R04-B04,CONTROLLED_ACCESS,AVAILABLE,2026-09-21T17:23:10.723826,2026-09-21T17:23:10.723826
INV-0027,MED-1008-027,Erythropoietin 4000IU Inj (Lot 27),BAT-2026-003,161,COLD-A02-R01-B02,COLD_STORAGE,AVAILABLE,2026-09-21T19:23:10.723826,2026-09-21T19:23:10.723826
INV-0028,MED-1009-028,Expired Batch Isolation SKU (Lot 28),BAT-2026-004,194,QUAR-A01-R02-B03,QUARANTINE,AVAILABLE,2026-09-21T21:23:10.723826,2026-09-21T21:23:10.723826
INV-0029,MED-1010-029,Pembrolizumab 100mg/4ml (Lot 29),BAT-2026-005,194,HIGH-A01-R03-B01,HIGH_VALUE,AVAILABLE,2026-09-21T23:23:10.723826,2026-09-21T23:23:10.723826
INV-0030,MED-1001-030,Amoxicillin 500mg Caps (Lot 30),BAT-2026-006,184,AMBI-A02-R01-B02,AMBIENT,AVAILABLE,2026-09-22T01:23:10.723826,2026-09-22T01:23:10.723826
INV-0031,MED-1002-031,Insulin Glargine 100U/ml (Lot 31),BAT-2026-007,48,COLD-A02-R02-B03,COLD_STORAGE,AVAILABLE,2026-09-22T03:23:10.723826,2026-09-22T03:23:10.723826
INV-0032,MED-1003-032,Pfizer COVID-19 Vaccine BNT162b2 (Lot 32),BAT-2026-008,131,COLD-A02-R01-B02,COLD_STORAGE,AVAILABLE,2026-09-22T05:23:10.723826,2026-09-22T05:23:10.723826
INV-0033,MED-1004-033,Morphine Sulfate 10mg Inj (Lot 33),BAT-2026-009,136,CONT-A01-R04-B03,CONTROLLED_ACCESS,AVAILABLE,2026-09-22T07:23:10.723826,2026-09-22T07:23:10.723826
INV-0034,MED-1005-034,Adalimumab 40mg Syringe (Lot 34),BAT-2026-010,87,HIGH-A01-R02-B04,HIGH_VALUE,AVAILABLE,2026-09-22T09:23:10.723826,2026-09-22T09:23:10.723826
INV-0035,MED-1006-035,Paracetamol 500mg Tabs (Lot 35),BAT-2026-011,149,AMBI-A01-R04-B04,AMBIENT,AVAILABLE,2026-09-22T11:23:10.723826,2026-09-22T11:23:10.723826
INV-0036,MED-1007-036,Fentanyl Patch 25mcg/h (Lot 36),BAT-2026-012,180,CONT-A01-R03-B02,CONTROLLED_ACCESS,AVAILABLE,2026-09-22T13:23:10.723826,2026-09-22T13:23:10.723826
INV-0037,MED-1008-037,Erythropoietin 4000IU Inj (Lot 37),BAT-2026-013,183,COLD-A02-R01-B02,COLD_STORAGE,AVAILABLE,2026-09-22T15:23:10.723826,2026-09-22T15:23:10.723826
INV-0038,MED-1009-038,Expired Batch Isolation SKU (Lot 38),BAT-2026-014,59,QUAR-A01-R05-B02,QUARANTINE,AVAILABLE,2026-09-22T17:23:10.723826,2026-09-22T17:23:10.723826
INV-0039,MED-1010-039,Pembrolizumab 100mg/4ml (Lot 39),BAT-2026-015,61,HIGH-A02-R02-B01,HIGH_VALUE,AVAILABLE,2026-09-22T19:23:10.723826,2026-09-22T19:23:10.723826
INV-0040,MED-1001-040,Amoxicillin 500mg Caps (Lot 40),BAT-2026-016,173,AMBI-A01-R02-B02,AMBIENT,AVAILABLE,2026-09-22T21:23:10.723826,2026-09-22T21:23:10.723826
INV-0041,MED-1002-041,Insulin Glargine 100U/ml (Lot 41),BAT-2026-017,145,COLD-A02-R02-B03,COLD_STORAGE,AVAILABLE,2026-09-22T23:23:10.723826,2026-09-22T23:23:10.723826
INV-0042,MED-1003-042,Pfizer COVID-19 Vaccine BNT162b2 (Lot 42),BAT-2026-018,48,COLD-A01-R02-B02,COLD_STORAGE,AVAILABLE,2026-09-23T01:23:10.723826,2026-09-23T01:23:10.723826
INV-0043,MED-1004-043,Morphine Sulfate 10mg Inj (Lot 43),BAT-2026-019,98,CONT-A02-R02-B02,CONTROLLED_ACCESS,AVAILABLE,2026-09-23T03:23:10.723826,2026-09-23T03:23:10.723826
INV-0044,MED-1005-044,Adalimumab 40mg Syringe (Lot 44),BAT-2026-020,34,HIGH-A01-R05-B03,HIGH_VALUE,AVAILABLE,2026-09-23T05:23:10.723826,2026-09-23T05:23:10.723826
INV-0045,MED-1006-045,Paracetamol 500mg Tabs (Lot 45),BAT-2026-021,165,AMBI-A01-R05-B01,AMBIENT,AVAILABLE,2026-09-23T07:23:10.723826,2026-09-23T07:23:10.723826
INV-0046,MED-1007-046,Fentanyl Patch 25mcg/h (Lot 46),BAT-2026-022,41,CONT-A01-R03-B02,CONTROLLED_ACCESS,AVAILABLE,2026-09-23T09:23:10.723826,2026-09-23T09:23:10.723826
INV-0047,MED-1008-047,Erythropoietin 4000IU Inj (Lot 47),BAT-2026-023,37,COLD-A02-R04-B01,COLD_STORAGE,AVAILABLE,2026-09-23T11:23:10.723826,2026-09-23T11:23:10.723826
INV-0048,MED-1009-048,Expired Batch Isolation SKU (Lot 48),BAT-2026-024,52,QUAR-A01-R04-B01,QUARANTINE,AVAILABLE,2026-09-23T13:23:10.723826,2026-09-23T13:23:10.723826
INV-0049,MED-1010-049,Pembrolizumab 100mg/4ml (Lot 49),BAT-2026-025,160,HIGH-A02-R04-B03,HIGH_VALUE,AVAILABLE,2026-09-23T15:23:10.723826,2026-09-23T15:23:10.723826
INV-0050,MED-1001-050,Amoxicillin 500mg Caps (Lot 50),BAT-2026-001,87,AMBI-A01-R04-B04,AMBIENT,AVAILABLE,2026-09-23T17:23:10.723826,2026-09-23T17:23:10.723826
INV-0051,MED-1002-051,Insulin Glargine 100U/ml (Lot 51),BAT-2026-002,74,COLD-A02-R03-B04,COLD_STORAGE,AVAILABLE,2026-09-23T19:23:10.723826,2026-09-23T19:23:10.723826
INV-0052,MED-1003-052,Pfizer COVID-19 Vaccine BNT162b2 (Lot 52),BAT-2026-003,99,COLD-A01-R05-B01,COLD_STORAGE,AVAILABLE,2026-09-23T21:23:10.723826,2026-09-23T21:23:10.723826
INV-0053,MED-1004-053,Morphine Sulfate 10mg Inj (Lot 53),BAT-2026-004,191,CONT-A02-R03-B03,CONTROLLED_ACCESS,AVAILABLE,2026-09-23T23:23:10.723826,2026-09-23T23:23:10.723826
INV-0054,MED-1005-054,Adalimumab 40mg Syringe (Lot 54),BAT-2026-005,132,HIGH-A02-R02-B01,HIGH_VALUE,AVAILABLE,2026-09-24T01:23:10.723826,2026-09-24T01:23:10.723826
INV-0055,MED-1006-055,Paracetamol 500mg Tabs (Lot 55),BAT-2026-006,50,AMBI-A02-R04-B01,AMBIENT,AVAILABLE,2026-09-24T03:23:10.723826,2026-09-24T03:23:10.723826
INV-0056,MED-1007-056,Fentanyl Patch 25mcg/h (Lot 56),BAT-2026-007,77,CONT-A01-R05-B04,CONTROLLED_ACCESS,AVAILABLE,2026-09-24T05:23:10.723826,2026-09-24T05:23:10.723826
INV-0057,MED-1008-057,Erythropoietin 4000IU Inj (Lot 57),BAT-2026-008,106,COLD-A01-R03-B03,COLD_STORAGE,AVAILABLE,2026-09-24T07:23:10.723826,2026-09-24T07:23:10.723826
INV-0058,MED-1009-058,Expired Batch Isolation SKU (Lot 58),BAT-2026-009,170,QUAR-A01-R02-B03,QUARANTINE,AVAILABLE,2026-09-24T09:23:10.723826,2026-09-24T09:23:10.723826
INV-0059,MED-1010-059,Pembrolizumab 100mg/4ml (Lot 59),BAT-2026-010,170,HIGH-A01-R05-B03,HIGH_VALUE,AVAILABLE,2026-09-24T11:23:10.723826,2026-09-24T11:23:10.723826
INV-0060,MED-1001-060,Amoxicillin 500mg Caps (Lot 60),BAT-2026-011,21,AMBI-A01-R05-B01,AMBIENT,AVAILABLE,2026-09-24T13:23:10.723826,2026-09-24T13:23:10.723826
INV-0061,MED-1002-061,Insulin Glargine 100U/ml (Lot 61),BAT-2026-012,181,COLD-A01-R03-B03,COLD_STORAGE,AVAILABLE,2026-09-24T15:23:10.723826,2026-09-24T15:23:10.723826
INV-0062,MED-1003-062,Pfizer COVID-19 Vaccine BNT162b2 (Lot 62),BAT-2026-013,78,COLD-A01-R02-B02,COLD_STORAGE,AVAILABLE,2026-09-24T17:23:10.723826,2026-09-24T17:23:10.723826
INV-0063,MED-1004-063,Morphine Sulfate 10mg Inj (Lot 63),BAT-2026-014,28,CONT-A01-R03-B02,CONTROLLED_ACCESS,AVAILABLE,2026-09-24T19:23:10.723826,2026-09-24T19:23:10.723826
INV-0064,MED-1005-064,Adalimumab 40mg Syringe (Lot 64),BAT-2026-015,38,HIGH-A02-R02-B01,HIGH_VALUE,AVAILABLE,2026-09-24T21:23:10.723826,2026-09-24T21:23:10.723826
INV-0065,MED-1006-065,Paracetamol 500mg Tabs (Lot 65),BAT-2026-016,91,AMBI-A01-R05-B01,AMBIENT,AVAILABLE,2026-09-24T23:23:10.723826,2026-09-24T23:23:10.723826
INV-0066,MED-1007-066,Fentanyl Patch 25mcg/h (Lot 66),BAT-2026-017,74,CONT-A02-R04-B04,CONTROLLED_ACCESS,AVAILABLE,2026-09-25T01:23:10.723826,2026-09-25T01:23:10.723826
INV-0067,MED-1008-067,Erythropoietin 4000IU Inj (Lot 67),BAT-2026-018,166,COLD-A01-R04-B04,COLD_STORAGE,AVAILABLE,2026-09-25T03:23:10.723826,2026-09-25T03:23:10.723826
INV-0068,MED-1009-068,Expired Batch Isolation SKU (Lot 68),BAT-2026-019,82,QUAR-A02-R04-B02,QUARANTINE,AVAILABLE,2026-09-25T05:23:10.723826,2026-09-25T05:23:10.723826
INV-0069,MED-1010-069,Pembrolizumab 100mg/4ml (Lot 69),BAT-2026-020,124,HIGH-A02-R04-B03,HIGH_VALUE,AVAILABLE,2026-09-25T07:23:10.723826,2026-09-25T07:23:10.723826
INV-0070,MED-1001-070,Amoxicillin 500mg Caps (Lot 70),BAT-2026-021,44,AMBI-A01-R05-B01,AMBIENT,AVAILABLE,2026-09-25T09:23:10.723826,2026-09-25T09:23:10.723826
INV-0071,MED-1002-071,Insulin Glargine 100U/ml (Lot 71),BAT-2026-022,188,COLD-A01-R03-B03,COLD_STORAGE,AVAILABLE,2026-09-25T11:23:10.723826,2026-09-25T11:23:10.723826
INV-0072,MED-1003-072,Pfizer COVID-19 Vaccine BNT162b2 (Lot 72),BAT-2026-023,110,COLD-A02-R03-B04,COLD_STORAGE,AVAILABLE,2026-09-25T13:23:10.723826,2026-09-25T13:23:10.723826
INV-0073,MED-1004-073,Morphine Sulfate 10mg Inj (Lot 73),BAT-2026-024,125,CONT-A02-R03-B03,CONTROLLED_ACCESS,AVAILABLE,2026-09-25T15:23:10.723826,2026-09-25T15:23:10.723826
INV-0074,MED-1005-074,Adalimumab 40mg Syringe (Lot 74),BAT-2026-025,33,HIGH-A02-R04-B03,HIGH_VALUE,AVAILABLE,2026-09-25T17:23:10.723826,2026-09-25T17:23:10.723826
INV-0075,MED-1006-075,Paracetamol 500mg Tabs (Lot 75),BAT-2026-001,35,AMBI-A01-R03-B03,AMBIENT,AVAILABLE,2026-09-25T19:23:10.723826,2026-09-25T19:23:10.723826
INV-0076,MED-1007-076,Fentanyl Patch 25mcg/h (Lot 76),BAT-2026-002,106,CONT-A02-R03-B03,CONTROLLED_ACCESS,AVAILABLE,2026-09-25T21:23:10.723826,2026-09-25T21:23:10.723826
INV-0077,MED-1008-077,Erythropoietin 4000IU Inj (Lot 77),BAT-2026-003,83,COLD-A01-R03-B03,COLD_STORAGE,AVAILABLE,2026-09-25T23:23:10.723826,2026-09-25T23:23:10.723826
INV-0078,MED-1009-078,Expired Batch Isolation SKU (Lot 78),BAT-2026-004,68,QUAR-A01-R05-B02,QUARANTINE,AVAILABLE,2026-09-26T01:23:10.723826,2026-09-26T01:23:10.723826
INV-0079,MED-1010-079,Pembrolizumab 100mg/4ml (Lot 79),BAT-2026-005,55,HIGH-A02-R04-B03,HIGH_VALUE,AVAILABLE,2026-09-26T03:23:10.723826,2026-09-26T03:23:10.723826
INV-0080,MED-1001-080,Amoxicillin 500mg Caps (Lot 80),BAT-2026-006,66,AMBI-A02-R03-B04,AMBIENT,AVAILABLE,2026-09-26T05:23:10.723826,2026-09-26T05:23:10.723826
INV-0081,MED-1002-081,Insulin Glargine 100U/ml (Lot 81),BAT-2026-007,138,COLD-A02-R01-B02,COLD_STORAGE,AVAILABLE,2026-09-26T07:23:10.723826,2026-09-26T07:23:10.723826
INV-0082,MED-1003-082,Pfizer COVID-19 Vaccine BNT162b2 (Lot 82),BAT-2026-008,39,COLD-A01-R05-B01,COLD_STORAGE,AVAILABLE,2026-09-26T09:23:10.723826,2026-09-26T09:23:10.723826
INV-0083,MED-1004-083,Morphine Sulfate 10mg Inj (Lot 83),BAT-2026-009,160,CONT-A02-R04-B04,CONTROLLED_ACCESS,AVAILABLE,2026-09-26T11:23:10.723826,2026-09-26T11:23:10.723826
INV-0084,MED-1005-084,Adalimumab 40mg Syringe (Lot 84),BAT-2026-010,32,HIGH-A01-R03-B01,HIGH_VALUE,AVAILABLE,2026-09-26T13:23:10.723826,2026-09-26T13:23:10.723826
INV-0085,MED-1006-085,Paracetamol 500mg Tabs (Lot 85),BAT-2026-011,43,AMBI-A01-R02-B02,AMBIENT,AVAILABLE,2026-09-26T15:23:10.723826,2026-09-26T15:23:10.723826
INV-0086,MED-1007-086,Fentanyl Patch 25mcg/h (Lot 86),BAT-2026-012,62,CONT-A01-R05-B04,CONTROLLED_ACCESS,AVAILABLE,2026-09-26T17:23:10.723826,2026-09-26T17:23:10.723826
INV-0087,MED-1008-087,Erythropoietin 4000IU Inj (Lot 87),BAT-2026-013,144,COLD-A02-R03-B04,COLD_STORAGE,AVAILABLE,2026-09-26T19:23:10.723826,2026-09-26T19:23:10.723826
INV-0088,MED-1009-088,Expired Batch Isolation SKU (Lot 88),BAT-2026-014,74,QUAR-A02-R04-B02,QUARANTINE,AVAILABLE,2026-09-26T21:23:10.723826,2026-09-26T21:23:10.723826
INV-0089,MED-1010-089,Pembrolizumab 100mg/4ml (Lot 89),BAT-2026-015,35,HIGH-A02-R03-B02,HIGH_VALUE,AVAILABLE,2026-09-26T23:23:10.723826,2026-09-26T23:23:10.723826
INV-0090,MED-1001-090,Amoxicillin 500mg Caps (Lot 90),BAT-2026-016,117,AMBI-A01-R04-B04,AMBIENT,AVAILABLE,2026-09-27T01:23:10.723826,2026-09-27T01:23:10.723826
INV-0091,MED-1002-091,Insulin Glargine 100U/ml (Lot 91),BAT-2026-017,119,COLD-A01-R02-B02,COLD_STORAGE,AVAILABLE,2026-09-27T03:23:10.723826,2026-09-27T03:23:10.723826
INV-0092,MED-1003-092,Pfizer COVID-19 Vaccine BNT162b2 (Lot 92),BAT-2026-018,136,COLD-A02-R01-B02,COLD_STORAGE,AVAILABLE,2026-09-27T05:23:10.723826,2026-09-27T05:23:10.723826
INV-0093,MED-1004-093,Morphine Sulfate 10mg Inj (Lot 93),BAT-2026-019,128,CONT-A02-R01-B01,CONTROLLED_ACCESS,AVAILABLE,2026-09-27T07:23:10.723826,2026-09-27T07:23:10.723826
INV-0094,MED-1005-094,Adalimumab 40mg Syringe (Lot 94),BAT-2026-020,59,HIGH-A02-R04-B03,HIGH_VALUE,AVAILABLE,2026-09-27T09:23:10.723826,2026-09-27T09:23:10.723826
INV-0095,MED-1006-095,Paracetamol 500mg Tabs (Lot 95),BAT-2026-021,95,AMBI-A01-R05-B01,AMBIENT,AVAILABLE,2026-09-27T11:23:10.723826,2026-09-27T11:23:10.723826
INV-0096,MED-1007-096,Fentanyl Patch 25mcg/h (Lot 96),BAT-2026-022,34,CONT-A01-R05-B04,CONTROLLED_ACCESS,AVAILABLE,2026-09-27T13:23:10.723826,2026-09-27T13:23:10.723826
INV-0097,MED-1008-097,Erythropoietin 4000IU Inj (Lot 97),BAT-2026-023,100,COLD-A01-R02-B02,COLD_STORAGE,AVAILABLE,2026-09-27T15:23:10.723826,2026-09-27T15:23:10.723826
INV-0098,MED-1009-098,Expired Batch Isolation SKU (Lot 98),BAT-2026-024,32,QUAR-A01-R02-B03,QUARANTINE,AVAILABLE,2026-09-27T17:23:10.723826,2026-09-27T17:23:10.723826
INV-0099,MED-1010-099,Pembrolizumab 100mg/4ml (Lot 99),BAT-2026-025,148,HIGH-A02-R04-B03,HIGH_VALUE,AVAILABLE,2026-09-27T19:23:10.723826,2026-09-27T19:23:10.723826
INV-0100,MED-1001-100,Amoxicillin 500mg Caps (Lot 100),BAT-2026-001,34,AMBI-A01-R04-B04,AMBIENT,AVAILABLE,2026-09-27T21:23:10.723826,2026-09-27T21:23:10.723826
INV-0101,MED-1002-101,Insulin Glargine 100U/ml (Lot 101),BAT-2026-002,67,COLD-A01-R03-B03,COLD_STORAGE,AVAILABLE,2026-09-27T23:23:10.723826,2026-09-27T23:23:10.723826
INV-0102,MED-1003-102,Pfizer COVID-19 Vaccine BNT162b2 (Lot 102),BAT-2026-003,172,COLD-A01-R03-B03,COLD_STORAGE,AVAILABLE,2026-09-28T01:23:10.723826,2026-09-28T01:23:10.723826
INV-0103,MED-1004-103,Morphine Sulfate 10mg Inj (Lot 103),BAT-2026-004,192,CONT-A01-R03-B02,CONTROLLED_ACCESS,AVAILABLE,2026-09-28T03:23:10.723826,2026-09-28T03:23:10.723826
INV-0104,MED-1005-104,Adalimumab 40mg Syringe (Lot 104),BAT-2026-005,123,HIGH-A01-R05-B03,HIGH_VALUE,AVAILABLE,2026-09-28T05:23:10.723826,2026-09-28T05:23:10.723826
INV-0105,MED-1006-105,Paracetamol 500mg Tabs (Lot 105),BAT-2026-006,165,AMBI-A01-R03-B03,AMBIENT,AVAILABLE,2026-09-28T07:23:10.723826,2026-09-28T07:23:10.723826
INV-0106,MED-1007-106,Fentanyl Patch 25mcg/h (Lot 106),BAT-2026-007,168,CONT-A01-R05-B04,CONTROLLED_ACCESS,AVAILABLE,2026-09-28T09:23:10.723826,2026-09-28T09:23:10.723826
INV-0107,MED-1008-107,Erythropoietin 4000IU Inj (Lot 107),BAT-2026-008,178,COLD-A01-R02-B02,COLD_STORAGE,AVAILABLE,2026-09-28T11:23:10.723826,2026-09-28T11:23:10.723826
INV-0108,MED-1009-108,Expired Batch Isolation SKU (Lot 108),BAT-2026-009,127,QUAR-A01-R03-B04,QUARANTINE,AVAILABLE,2026-09-28T13:23:10.723826,2026-09-28T13:23:10.723826
INV-0109,MED-1010-109,Pembrolizumab 100mg/4ml (Lot 109),BAT-2026-010,86,HIGH-A02-R02-B01,HIGH_VALUE,AVAILABLE,2026-09-28T15:23:10.723826,2026-09-28T15:23:10.723826
INV-0110,MED-1001-110,Amoxicillin 500mg Caps (Lot 110),BAT-2026-011,191,AMBI-A01-R05-B01,AMBIENT,AVAILABLE,2026-09-28T17:23:10.723826,2026-09-28T17:23:10.723826
