location_id,location_code,zone,aisle,rack,bin_number,temperature_class,storage_type,capacity,current_utilization,status,restricted,allowed_product_type
COLD-A01-R02-B02,COLD-A01-R02-B02,COLD_STORAGE,A01,R02,B02,COLD_4C,COLD_VAULT,500,377,ACTIVE,False,VACCINE
QUAR-A01-R02-B03,QUAR-A01-R02-B03,QUARANTINE,A01,R02,B03,AMBIENT_20C,SECURE_BIN,500,107,ACTIVE,False,HAZARDOUS
HIGH-A01-R02-B04,HIGH-A01-R02-B04,HIGH_VALUE,A01,R02,B04,CONTROLLED_15C,SECURE_BIN,500,62,ACTIVE,True,BIOLOGIC
CONT-A01-R02-B01,CONT-A01-R02-B01,CONTROLLED_ACCESS,A01,R02,B01,COLD_4C,COLD_VAULT,500,190,ACTIVE,True,CONTROLLED_SUBSTANCE
AMBI-A01-R02-B02,AMBI-A01-R02-B02,AMBIENT,A01,R02,B02,AMBIENT_20C,SHELF,500,175,BLOCKED,False,GENERAL
COLD-A01-R03-B03,COLD-A01-R03-B03,COLD_STORAGE,A01,R03,B03,COLD_4C,COLD_VAULT,500,164,ACTIVE,False,VACCINE
QUAR-A01-R03-B04,QUAR-A01-R03-B04,QUARANTINE,A01,R03,B04,AMBIENT_20C,SECURE_BIN,500,121,ACTIVE,False,HAZARDOUS
HIGH-A01-R03-B01,HIGH-A01-R03-B01,HIGH_VALUE,A01,R03,B01,CONTROLLED_15C,SECURE_BIN,500,102,ACTIVE,True,BIOLOGIC
CONT-A01-R03-B02,CONT-A01-R03-B02,CONTROLLED_ACCESS,A01,R03,B02,COLD_4C,COLD_VAULT,500,396,RESTRICTED,True,CONTROLLED_SUBSTANCE
AMBI-A01-R03-B03,AMBI-A01-R03-B03,AMBIENT,A01,R03,B03,AMBIENT_20C,SHELF,500,329,ACTIVE,False,GENERAL
COLD-A01-R04-B04,COLD-A01-R04-B04,COLD_STORAGE,A01,R04,B04,COLD_4C,COLD_VAULT,500,94,ACTIVE,False,VACCINE
QUAR-A01-R04-B01,QUAR-A01-R04-B01,QUARANTINE,A01,R04,B01,AMBIENT_20C,SECURE_BIN,500,352,ACTIVE,False,HAZARDOUS
HIGH-A01-R04-B02,HIGH-A01-R04-B02,HIGH_VALUE,A01,R04,B02,CONTROLLED_15C,SECURE_BIN,500,266,ACTIVE,True,BIOLOGIC
CONT-A01-R04-B03,CONT-A01-R04-B03,CONTROLLED_ACCESS,A01,R04,B03,COLD_4C,COLD_VAULT,500,66,ACTIVE,True,CONTROLLED_SUBSTANCE
AMBI-A01-R04-B04,AMBI-A01-R04-B04,AMBIENT,A01,R04,B04,AMBIENT_20C,SHELF,500,65,ACTIVE,False,GENERAL
COLD-A01-R05-B01,COLD-A01-R05-B01,COLD_STORAGE,A01,R05,B01,COLD_4C,COLD_VAULT,500,97,ACTIVE,False,VACCINE
QUAR-A01-R05-B02,QUAR-A01-R05-B02,QUARANTINE,A01,R05,B02,AMBIENT_20C,SECURE_BIN,500,161,BLOCKED,False,HAZARDOUS
HIGH-A01-R05-B03,HIGH-A01-R05-B03,HIGH_VALUE,A01,R05,B03,CONTROLLED_15C,SECURE_BIN,500,169,ACTIVE,True,BIOLOGIC
CONT-A01-R05-B04,CONT-A01-R05-B04,CONTROLLED_ACCESS,A01,R05,B04,COLD_4C,COLD_VAULT,500,308,ACTIVE,True,CONTROLLED_SUBSTANCE
AMBI-A01-R05-B01,AMBI-A01-R05-B01,AMBIENT,A01,R05,B01,AMBIENT_20C,SHELF,500,358,ACTIVE,False,GENERAL
COLD-A02-R01-B02,COLD-A02-R01-B02,COLD_STORAGE,A02,R01,B02,COLD_4C,COLD_VAULT,500,63,ACTIVE,False,VACCINE
QUAR-A02-R01-B03,QUAR-A02-R01-B03,QUARANTINE,A02,R01,B03,AMBIENT_20C,SECURE_BIN,500,337,ACTIVE,False,HAZARDOUS
HIGH-A02-R01-B04,HIGH-A02-R01-B04,HIGH_VALUE,A02,R01,B04,CONTROLLED_15C,SECURE_BIN,500,151,RESTRICTED,True,BIOLOGIC
CONT-A02-R01-B01,CONT-A02-R01-B01,CONTROLLED_ACCESS,A02,R01,B01,COLD_4C,COLD_VAULT,500,416,ACTIVE,True,CONTROLLED_SUBSTANCE
AMBI-A02-R01-B02,AMBI-A02-R01-B02,AMBIENT,A02,R01,B02,AMBIENT_20C,SHELF,500,382,ACTIVE,False,GENERAL
COLD-A02-R02-B03,COLD-A02-R02-B03,COLD_STORAGE,A02,R02,B03,COLD_4C,COLD_VAULT,500,409,ACTIVE,False,VACCINE
QUAR-A02-R02-B04,QUAR-A02-R02-B04,QUARANTINE,A02,R02,B04,AMBIENT_20C,SECURE_BIN,500,329,ACTIVE,False,HAZARDOUS
HIGH-A02-R02-B01,HIGH-A02-R02-B01,HIGH_VALUE,A02,R02,B01,CONTROLLED_15C,SECURE_BIN,500,264,ACTIVE,True,BIOLOGIC
CONT-A02-R02-B02,CONT-A02-R02-B02,CONTROLLED_ACCESS,A02,R02,B02,COLD_4C,COLD_VAULT,500,162,ACTIVE,True,CONTROLLED_SUBSTANCE
AMBI-A02-R02-B03,AMBI-A02-R02-B03,AMBIENT,A02,R02,B03,AMBIENT_20C,SHELF,500,279,ACTIVE,False,GENERAL
COLD-A02-R03-B04,COLD-A02-R03-B04,COLD_STORAGE,A02,R03,B04,COLD_4C,COLD_VAULT,500,351,ACTIVE,False,VACCINE
QUAR-A02-R03-B01,QUAR-A02-R03-B01,QUARANTINE,A02,R03,B01,AMBIENT_20C,SECURE_BIN,500,192,ACTIVE,False,HAZARDOUS
HIGH-A02-R03-B02,HIGH-A02-R03-B02,HIGH_VALUE,A02,R03,B02,CONTROLLED_15C,SECURE_BIN,500,53,ACTIVE,True,BIOLOGIC
CONT-A02-R03-B03,CONT-A02-R03-B03,CONTROLLED_ACCESS,A02,R03,B03,COLD_4C,COLD_VAULT,500,131,ACTIVE,True,CONTROLLED_SUBSTANCE
AMBI-A02-R03-B04,AMBI-A02-R03-B04,AMBIENT,A02,R03,B04,AMBIENT_20C,SHELF,500,407,ACTIVE,False,GENERAL
COLD-A02-R04-B01,COLD-A02-R04-B01,COLD_STORAGE,A02,R04,B01,COLD_4C,COLD_VAULT,500,266,ACTIVE,False,VACCINE
QUAR-A02-R04-B02,QUAR-A02-R04-B02,QUARANTINE,A02,R04,B02,AMBIENT_20C,SECURE_BIN,500,224,ACTIVE,False,HAZARDOUS
HIGH-A02-R04-B03,HIGH-A02-R04-B03,HIGH_VALUE,A02,R04,B03,CONTROLLED_15C,SECURE_BIN,500,192,ACTIVE,True,BIOLOGIC
CONT-A02-R04-B04,CONT-A02-R04-B04,CONTROLLED_ACCESS,A02,R04,B04,COLD_4C,COLD_VAULT,500,129,ACTIVE,True,CONTROLLED_SUBSTANCE
AMBI-A02-R04-B01,AMBI-A02-R04-B01,AMBIENT,A02,R04,B01,AMBIENT_20C,SHELF,500,160,ACTIVE,False,GENERAL
