move_id,id,sku,batch_id,quantity,source_location,destination_location,worker_id,timestamp,reason
MOV-00001,MOV-00001,MED-1002-001,BAT-2026-002,61,COLD-A01-R05-B01,COLD-A02-R01-B02,WRK-006,2026-09-30T21:23:10.723826,RELOCATION
MOV-00002,MOV-00002,MED-1002-001,BAT-2026-002,61,COLD-A01-R05-B01,COLD-A02-R02-B03,WRK-001,2026-09-24T10:23:10.723826,RELOCATION
MOV-00003,MOV-00003,MED-1002-001,BAT-2026-002,61,COLD-A01-R05-B01,COLD-A02-R03-B04,WRK-012,2026-09-24T13:23:10.723826,UNRECORDED_MOVE
MOV-00004,MOV-00004,MED-1003-002,BAT-2026-003,117,COLD-A02-R04-B01,COLD-A01-R04-B04,WRK-011,2026-09-26T07:23:10.723826,RELOCATION
MOV-00005,MOV-00005,MED-1003-002,BAT-2026-003,117,COLD-A02-R04-B01,COLD-A01-R05-B01,WRK-009,2026-09-22T18:23:10.723826,RELOCATION
MOV-00006,MOV-00006,MED-1003-002,BAT-2026-003,117,COLD-A02-R04-B01,COLD-A02-R01-B02,WRK-014,2026-09-22T17:23:10.723826,UNRECORDED_MOVE
MOV-00007,MOV-00007,MED-1004-003,BAT-2026-004,183,CONT-A02-R01-B01,CONT-A01-R04-B03,WRK-003,2026-09-30T16:23:10.723826,RELOCATION
MOV-00008,MOV-00008,MED-1004-003,BAT-2026-004,183,CONT-A02-R01-B01,CONT-A01-R05-B04,WRK-012,2026-09-30T03:23:10.723826,RELOCATION
MOV-00009,MOV-00009,MED-1004-003,BAT-2026-004,183,CONT-A02-R01-B01,CONT-A02-R01-B01,WRK-004,2026-10-01T07:23:10.723826,UNRECORDED_MOVE
MOV-00010,MOV-00010,MED-1005-004,BAT-2026-005,195,HIGH-A01-R05-B03,HIGH-A01-R04-B02,WRK-008,2026-09-30T05:23:10.723826,RELOCATION
MOV-00011,MOV-00011,MED-1005-004,BAT-2026-005,195,HIGH-A01-R05-B03,HIGH-A01-R05-B03,WRK-017,2026-10-01T14:23:10.723826,RELOCATION
MOV-00012,MOV-00012,MED-1005-004,BAT-2026-005,195,HIGH-A01-R05-B03,HIGH-A02-R01-B04,WRK-001,2026-09-27T03:23:10.723826,UNRECORDED_MOVE
MOV-00013,MOV-00013,MED-1006-005,BAT-2026-006,34,AMBI-A02-R02-B03,AMBI-A01-R04-B04,WRK-013,2026-09-23T04:23:10.723826,RELOCATION
MOV-00014,MOV-00014,MED-1006-005,BAT-2026-006,34,AMBI-A02-R02-B03,AMBI-A01-R05-B01,WRK-004,2026-09-29T10:23:10.723826,RELOCATION
MOV-00015,MOV-00015,MED-1006-005,BAT-2026-006,34,AMBI-A02-R02-B03,AMBI-A02-R01-B02,WRK-015,2026-09-30T11:23:10.723826,UNRECORDED_MOVE
MOV-00016,MOV-00016,MED-1007-006,BAT-2026-007,28,CONT-A01-R05-B04,CONT-A02-R02-B02,WRK-011,2026-09-23T15:23:10.723826,RELOCATION
MOV-00017,MOV-00017,MED-1007-006,BAT-2026-007,28,CONT-A01-R05-B04,CONT-A02-R03-B03,WRK-003,2026-10-01T17:23:10.723826,RELOCATION
MOV-00018,MOV-00018,MED-1007-006,BAT-2026-007,28,CONT-A01-R05-B04,CONT-A02-R04-B04,WRK-018,2026-09-24T21:23:10.723826,UNRECORDED_MOVE
MOV-00019,MOV-00019,MED-1008-007,BAT-2026-008,122,COLD-A02-R02-B03,COLD-A02-R03-B04,WRK-017,2026-09-28T01:23:10.723826,RELOCATION
MOV-00020,MOV-00020,MED-1008-007,BAT-2026-008,122,COLD-A02-R02-B03,COLD-A02-R04-B01,WRK-017,2026-09-27T03:23:10.723826,RELOCATION
MOV-00021,MOV-00021,MED-1008-007,BAT-2026-008,122,COLD-A02-R02-B03,COLD-A01-R02-B02,WRK-004,2026-10-02T02:23:10.723826,UNRECORDED_MOVE
MOV-00022,MOV-00022,MED-1009-008,BAT-2026-009,36,QUAR-A02-R01-B03,QUAR-A01-R03-B04,WRK-018,2026-09-24T09:23:10.723826,RELOCATION
MOV-00023,MOV-00023,MED-1009-008,BAT-2026-009,36,QUAR-A02-R01-B03,QUAR-A01-R04-B01,WRK-015,2026-09-26T02:23:10.723826,RELOCATION
MOV-00024,MOV-00024,MED-1009-008,BAT-2026-009,36,QUAR-A02-R01-B03,QUAR-A01-R05-B02,WRK-011,2026-09-26T02:23:10.723826,UNRECORDED_MOVE
MOV-00025,MOV-00025,MED-1010-009,BAT-2026-010,165,HIGH-A01-R05-B03,HIGH-A02-R02-B01,WRK-014,2026-09-30T01:23:10.723826,RELOCATION
MOV-00026,MOV-00026,MED-1010-009,BAT-2026-010,165,HIGH-A01-R05-B03,HIGH-A02-R03-B02,WRK-014,2026-09-23T23:23:10.723826,RELOCATION
MOV-00027,MOV-00027,MED-1010-009,BAT-2026-010,165,HIGH-A01-R05-B03,HIGH-A02-R04-B03,WRK-009,2026-09-28T10:23:10.723826,UNRECORDED_MOVE
MOV-00028,MOV-00028,MED-1001-010,BAT-2026-011,74,AMBI-A02-R02-B03,AMBI-A02-R02-B03,WRK-016,2026-09-27T17:23:10.723826,RELOCATION
MOV-00029,MOV-00029,MED-1001-010,BAT-2026-011,74,AMBI-A02-R02-B03,AMBI-A02-R03-B04,WRK-003,2026-09-23T15:23:10.723826,RELOCATION
MOV-00030,MOV-00030,MED-1001-010,BAT-2026-011,74,AMBI-A02-R02-B03,AMBI-A02-R04-B01,WRK-004,2026-09-24T02:23:10.723826,UNRECORDED_MOVE
MOV-00031,MOV-00031,MED-1002-011,BAT-2026-012,121,COLD-A02-R04-B01,COLD-A01-R03-B03,WRK-018,2026-09-27T17:23:10.723826,RELOCATION
MOV-00032,MOV-00032,MED-1002-011,BAT-2026-012,121,COLD-A02-R04-B01,COLD-A01-R04-B04,WRK-018,2026-09-23T07:23:10.723826,RELOCATION
MOV-00033,MOV-00033,MED-1002-011,BAT-2026-012,121,COLD-A02-R04-B01,COLD-A01-R05-B01,WRK-004,2026-09-30T23:23:10.723826,UNRECORDED_MOVE
MOV-00034,MOV-00034,MED-1003-012,BAT-2026-013,56,COLD-A02-R04-B01,COLD-A01-R04-B04,WRK-014,2026-09-29T00:23:10.723826,RELOCATION
MOV-00035,MOV-00035,MED-1003-012,BAT-2026-013,56,COLD-A02-R04-B01,COLD-A01-R05-B01,WRK-010,2026-09-22T22:23:10.723826,RELOCATION
MOV-00036,MOV-00036,MED-1003-012,BAT-2026-013,56,COLD-A02-R04-B01,COLD-A02-R01-B02,WRK-017,2026-09-27T16:23:10.723826,UNRECORDED_MOVE
MOV-00037,MOV-00037,MED-1004-013,BAT-2026-014,55,CONT-A02-R01-B01,CONT-A02-R01-B01,WRK-016,2026-09-25T17:23:10.723826,REPLENISHMENT
MOV-00038,MOV-00038,MED-1004-013,BAT-2026-014,55,CONT-A02-R01-B01,CONT-A02-R01-B01,WRK-012,2026-09-25T16:23:10.723826,REPLENISHMENT
MOV-00039,MOV-00039,MED-1004-013,BAT-2026-014,55,CONT-A02-R01-B01,CONT-A02-R01-B01,WRK-004,2026-10-01T00:23:10.723826,REPLENISHMENT
MOV-00040,MOV-00040,MED-1005-014,BAT-2026-015,163,HIGH-A01-R05-B03,HIGH-A01-R05-B03,WRK-008,2026-09-27T07:23:10.723826,REPLENISHMENT
MOV-00041,MOV-00041,MED-1005-014,BAT-2026-015,163,HIGH-A01-R05-B03,HIGH-A01-R05-B03,WRK-018,2026-09-29T06:23:10.723826,REPLENISHMENT
MOV-00042,MOV-00042,MED-1005-014,BAT-2026-015,163,HIGH-A01-R05-B03,HIGH-A01-R05-B03,WRK-009,2026-09-23T08:23:10.723826,REPLENISHMENT
MOV-00043,MOV-00043,MED-1006-015,BAT-2026-016,169,AMBI-A02-R01-B02,AMBI-A02-R01-B02,WRK-009,2026-09-22T18:23:10.723826,REPLENISHMENT
MOV-00044,MOV-00044,MED-1006-015,BAT-2026-016,169,AMBI-A02-R01-B02,AMBI-A02-R01-B02,WRK-012,2026-09-26T23:23:10.723826,REPLENISHMENT
MOV-00045,MOV-00045,MED-1006-015,BAT-2026-016,169,AMBI-A02-R01-B02,AMBI-A02-R01-B02,WRK-005,2026-09-22T18:23:10.723826,REPLENISHMENT
MOV-00046,MOV-00046,MED-1007-016,BAT-2026-017,169,CONT-A02-R03-B03,CONT-A02-R03-B03,WRK-013,2026-10-02T10:23:10.723826,REPLENISHMENT
MOV-00047,MOV-00047,MED-1007-016,BAT-2026-017,169,CONT-A02-R03-B03,CONT-A02-R03-B03,WRK-001,2026-09-23T17:23:10.723826,REPLENISHMENT
MOV-00048,MOV-00048,MED-1007-016,BAT-2026-017,169,CONT-A02-R03-B03,CONT-A02-R03-B03,WRK-017,2026-09-24T12:23:10.723826,REPLENISHMENT
MOV-00049,MOV-00049,MED-1008-017,BAT-2026-018,112,COLD-A02-R03-B04,COLD-A02-R03-B04,WRK-014,2026-09-26T01:23:10.723826,REPLENISHMENT
MOV-00050,MOV-00050,MED-1008-017,BAT-2026-018,112,COLD-A02-R03-B04,COLD-A02-R03-B04,WRK-006,2026-09-29T23:23:10.723826,REPLENISHMENT
MOV-00051,MOV-00051,MED-1008-017,BAT-2026-018,112,COLD-A02-R03-B04,COLD-A02-R03-B04,WRK-011,2026-09-27T22:23:10.723826,REPLENISHMENT
MOV-00052,MOV-00052,MED-1009-018,BAT-2026-019,55,QUAR-A01-R05-B02,QUAR-A01-R05-B02,WRK-003,2026-10-02T08:23:10.723826,REPLENISHMENT
MOV-00053,MOV-00053,MED-1009-018,BAT-2026-019,55,QUAR-A01-R05-B02,QUAR-A01-R05-B02,WRK-006,2026-09-22T17:23:10.723826,REPLENISHMENT
MOV-00054,MOV-00054,MED-1009-018,BAT-2026-019,55,QUAR-A01-R05-B02,QUAR-A01-R05-B02,WRK-003,2026-10-01T14:23:10.723826,REPLENISHMENT
MOV-00055,MOV-00055,MED-1010-019,BAT-2026-020,43,HIGH-A02-R04-B03,HIGH-A02-R04-B03,WRK-014,2026-09-27T03:23:10.723826,REPLENISHMENT
MOV-00056,MOV-00056,MED-1010-019,BAT-2026-020,43,HIGH-A02-R04-B03,HIGH-A02-R04-B03,WRK-015,2026-09-30T08:23:10.723826,REPLENISHMENT
MOV-00057,MOV-00057,MED-1010-019,BAT-2026-020,43,HIGH-A02-R04-B03,HIGH-A02-R04-B03,WRK-007,2026-09-28T21:23:10.723826,REPLENISHMENT
MOV-00058,MOV-00058,MED-1001-020,BAT-2026-021,48,AMBI-A01-R02-B02,AMBI-A01-R02-B02,WRK-012,2026-09-30T16:23:10.723826,REPLENISHMENT
MOV-00059,MOV-00059,MED-1001-020,BAT-2026-021,48,AMBI-A01-R02-B02,AMBI-A01-R02-B02,WRK-010,2026-09-28T16:23:10.723826,REPLENISHMENT
MOV-00060,MOV-00060,MED-1001-020,BAT-2026-021,48,AMBI-A01-R02-B02,AMBI-A01-R02-B02,WRK-016,2026-10-03T10:23:10.723826,REPLENISHMENT
MOV-00061,MOV-00061,MED-1002-021,BAT-2026-022,180,COLD-A01-R04-B04,COLD-A01-R04-B04,WRK-010,2026-10-01T10:23:10.723826,REPLENISHMENT
MOV-00062,MOV-00062,MED-1002-021,BAT-2026-022,180,COLD-A01-R04-B04,COLD-A01-R04-B04,WRK-013,2026-09-22T20:23:10.723826,REPLENISHMENT
MOV-00063,MOV-00063,MED-1002-021,BAT-2026-022,180,COLD-A01-R04-B04,COLD-A01-R04-B04,WRK-001,2026-10-01T14:23:10.723826,REPLENISHMENT
MOV-00064,MOV-00064,MED-1003-022,BAT-2026-023,194,COLD-A01-R04-B04,COLD-A01-R04-B04,WRK-007,2026-09-25T22:23:10.723826,REPLENISHMENT
MOV-00065,MOV-00065,MED-1003-022,BAT-2026-023,194,COLD-A01-R04-B04,COLD-A01-R04-B04,WRK-010,2026-09-24T21:23:10.723826,REPLENISHMENT
MOV-00066,MOV-00066,MED-1003-022,BAT-2026-023,194,COLD-A01-R04-B04,COLD-A01-R04-B04,WRK-001,2026-09-27T16:23:10.723826,REPLENISHMENT
MOV-00067,MOV-00067,MED-1004-023,BAT-2026-024,172,CONT-A02-R03-B03,CONT-A02-R03-B03,WRK-014,2026-09-30T12:23:10.723826,REPLENISHMENT
MOV-00068,MOV-00068,MED-1004-023,BAT-2026-024,172,CONT-A02-R03-B03,CONT-A02-R03-B03,WRK-013,2026-09-24T17:23:10.723826,REPLENISHMENT
MOV-00069,MOV-00069,MED-1004-023,BAT-2026-024,172,CONT-A02-R03-B03,CONT-A02-R03-B03,WRK-008,2026-10-01T11:23:10.723826,REPLENISHMENT
MOV-00070,MOV-00070,MED-1005-024,BAT-2026-025,118,HIGH-A01-R03-B01,HIGH-A01-R03-B01,WRK-012,2026-10-01T06:23:10.723826,REPLENISHMENT
MOV-00071,MOV-00071,MED-1005-024,BAT-2026-025,118,HIGH-A01-R03-B01,HIGH-A01-R03-B01,WRK-002,2026-09-24T01:23:10.723826,REPLENISHMENT
MOV-00072,MOV-00072,MED-1005-024,BAT-2026-025,118,HIGH-A01-R03-B01,HIGH-A01-R03-B01,WRK-015,2026-09-28T13:23:10.723826,REPLENISHMENT
MOV-00073,MOV-00073,MED-1006-025,BAT-2026-001,172,AMBI-A02-R03-B04,AMBI-A02-R03-B04,WRK-014,2026-09-23T23:23:10.723826,REPLENISHMENT
MOV-00074,MOV-00074,MED-1006-025,BAT-2026-001,172,AMBI-A02-R03-B04,AMBI-A02-R03-B04,WRK-014,2026-10-02T01:23:10.723826,REPLENISHMENT
MOV-00075,MOV-00075,MED-1006-025,BAT-2026-001,172,AMBI-A02-R03-B04,AMBI-A02-R03-B04,WRK-013,2026-09-26T16:23:10.723826,REPLENISHMENT
MOV-00076,MOV-00076,MED-1007-026,BAT-2026-002,155,CONT-A02-R04-B04,CONT-A02-R04-B04,WRK-006,2026-09-22T23:23:10.723826,REPLENISHMENT
MOV-00077,MOV-00077,MED-1007-026,BAT-2026-002,155,CONT-A02-R04-B04,CONT-A02-R04-B04,WRK-012,2026-10-02T03:23:10.723826,REPLENISHMENT
MOV-00078,MOV-00078,MED-1007-026,BAT-2026-002,155,CONT-A02-R04-B04,CONT-A02-R04-B04,WRK-004,2026-09-24T02:23:10.723826,REPLENISHMENT
MOV-00079,MOV-00079,MED-1008-027,BAT-2026-003,161,COLD-A02-R01-B02,COLD-A02-R01-B02,WRK-013,2026-09-26T02:23:10.723826,REPLENISHMENT
MOV-00080,MOV-00080,MED-1008-027,BAT-2026-003,161,COLD-A02-R01-B02,COLD-A02-R01-B02,WRK-013,2026-09-30T15:23:10.723826,REPLENISHMENT
MOV-00081,MOV-00081,MED-1008-027,BAT-2026-003,161,COLD-A02-R01-B02,COLD-A02-R01-B02,WRK-011,2026-09-27T12:23:10.723826,REPLENISHMENT
MOV-00082,MOV-00082,MED-1009-028,BAT-2026-004,194,QUAR-A01-R02-B03,QUAR-A01-R02-B03,WRK-006,2026-09-25T23:23:10.723826,REPLENISHMENT
MOV-00083,MOV-00083,MED-1009-028,BAT-2026-004,194,QUAR-A01-R02-B03,QUAR-A01-R02-B03,WRK-004,2026-09-24T05:23:10.723826,REPLENISHMENT
MOV-00084,MOV-00084,MED-1009-028,BAT-2026-004,194,QUAR-A01-R02-B03,QUAR-A01-R02-B03,WRK-007,2026-10-01T05:23:10.723826,REPLENISHMENT
MOV-00085,MOV-00085,MED-1010-029,BAT-2026-005,194,HIGH-A01-R03-B01,HIGH-A01-R03-B01,WRK-005,2026-09-28T00:23:10.723826,REPLENISHMENT
MOV-00086,MOV-00086,MED-1010-029,BAT-2026-005,194,HIGH-A01-R03-B01,HIGH-A01-R03-B01,WRK-005,2026-09-25T16:23:10.723826,REPLENISHMENT
MOV-00087,MOV-00087,MED-1010-029,BAT-2026-005,194,HIGH-A01-R03-B01,HIGH-A01-R03-B01,WRK-006,2026-09-26T19:23:10.723826,REPLENISHMENT
MOV-00088,MOV-00088,MED-1001-030,BAT-2026-006,184,AMBI-A02-R01-B02,AMBI-A02-R01-B02,WRK-003,2026-10-01T17:23:10.723826,REPLENISHMENT
MOV-00089,MOV-00089,MED-1001-030,BAT-2026-006,184,AMBI-A02-R01-B02,AMBI-A02-R01-B02,WRK-016,2026-09-25T09:23:10.723826,REPLENISHMENT
MOV-00090,MOV-00090,MED-1001-030,BAT-2026-006,184,AMBI-A02-R01-B02,AMBI-A02-R01-B02,WRK-015,2026-09-30T07:23:10.723826,REPLENISHMENT
MOV-00091,MOV-00091,MED-1002-031,BAT-2026-007,48,COLD-A02-R02-B03,COLD-A02-R02-B03,WRK-011,2026-10-03T07:23:10.723826,REPLENISHMENT
MOV-00092,MOV-00092,MED-1002-031,BAT-2026-007,48,COLD-A02-R02-B03,COLD-A02-R02-B03,WRK-005,2026-10-02T23:23:10.723826,REPLENISHMENT
MOV-00093,MOV-00093,MED-1002-031,BAT-2026-007,48,COLD-A02-R02-B03,COLD-A02-R02-B03,WRK-016,2026-09-29T15:23:10.723826,REPLENISHMENT
MOV-00094,MOV-00094,MED-1003-032,BAT-2026-008,131,COLD-A02-R01-B02,COLD-A02-R01-B02,WRK-010,2026-09-30T09:23:10.723826,REPLENISHMENT
MOV-00095,MOV-00095,MED-1003-032,BAT-2026-008,131,COLD-A02-R01-B02,COLD-A02-R01-B02,WRK-002,2026-09-27T07:23:10.723826,REPLENISHMENT
MOV-00096,MOV-00096,MED-1003-032,BAT-2026-008,131,COLD-A02-R01-B02,COLD-A02-R01-B02,WRK-003,2026-09-28T05:23:10.723826,REPLENISHMENT
MOV-00097,MOV-00097,MED-1004-033,BAT-2026-009,136,CONT-A01-R04-B03,CONT-A01-R04-B03,WRK-015,2026-09-27T03:23:10.723826,REPLENISHMENT
MOV-00098,MOV-00098,MED-1004-033,BAT-2026-009,136,CONT-A01-R04-B03,CONT-A01-R04-B03,WRK-012,2026-09-22T14:23:10.723826,REPLENISHMENT
MOV-00099,MOV-00099,MED-1004-033,BAT-2026-009,136,CONT-A01-R04-B03,CONT-A01-R04-B03,WRK-003,2026-09-26T15:23:10.723826,REPLENISHMENT
MOV-00100,MOV-00100,MED-1005-034,BAT-2026-010,87,HIGH-A01-R02-B04,HIGH-A01-R02-B04,WRK-017,2026-10-02T08:23:10.723826,REPLENISHMENT
MOV-00101,MOV-00101,MED-1005-034,BAT-2026-010,87,HIGH-A01-R02-B04,HIGH-A01-R02-B04,WRK-018,2026-09-29T03:23:10.723826,REPLENISHMENT
MOV-00102,MOV-00102,MED-1005-034,BAT-2026-010,87,HIGH-A01-R02-B04,HIGH-A01-R02-B04,WRK-007,2026-09-23T03:23:10.723826,REPLENISHMENT
MOV-00103,MOV-00103,MED-1006-035,BAT-2026-011,149,AMBI-A01-R04-B04,AMBI-A01-R04-B04,WRK-016,2026-09-28T08:23:10.723826,REPLENISHMENT
MOV-00104,MOV-00104,MED-1006-035,BAT-2026-011,149,AMBI-A01-R04-B04,AMBI-A01-R04-B04,WRK-002,2026-09-30T17:23:10.723826,REPLENISHMENT
MOV-00105,MOV-00105,MED-1006-035,BAT-2026-011,149,AMBI-A01-R04-B04,AMBI-A01-R04-B04,WRK-011,2026-09-29T16:23:10.723826,REPLENISHMENT
MOV-00106,MOV-00106,MED-1007-036,BAT-2026-012,180,CONT-A01-R03-B02,CONT-A01-R03-B02,WRK-006,2026-09-24T05:23:10.723826,REPLENISHMENT
MOV-00107,MOV-00107,MED-1007-036,BAT-2026-012,180,CONT-A01-R03-B02,CONT-A01-R03-B02,WRK-015,2026-09-22T20:23:10.723826,REPLENISHMENT
MOV-00108,MOV-00108,MED-1007-036,BAT-2026-012,180,CONT-A01-R03-B02,CONT-A01-R03-B02,WRK-017,2026-09-30T05:23:10.723826,REPLENISHMENT
MOV-00109,MOV-00109,MED-1008-037,BAT-2026-013,183,COLD-A02-R01-B02,COLD-A02-R01-B02,WRK-012,2026-10-01T18:23:10.723826,REPLENISHMENT
MOV-00110,MOV-00110,MED-1008-037,BAT-2026-013,183,COLD-A02-R01-B02,COLD-A02-R01-B02,WRK-013,2026-09-27T22:23:10.723826,REPLENISHMENT
MOV-00111,MOV-00111,MED-1008-037,BAT-2026-013,183,COLD-A02-R01-B02,COLD-A02-R01-B02,WRK-002,2026-09-28T23:23:10.723826,REPLENISHMENT
MOV-00112,MOV-00112,MED-1009-038,BAT-2026-014,59,QUAR-A01-R05-B02,QUAR-A01-R05-B02,WRK-011,2026-10-03T09:23:10.723826,REPLENISHMENT
MOV-00113,MOV-00113,MED-1009-038,BAT-2026-014,59,QUAR-A01-R05-B02,QUAR-A01-R05-B02,WRK-004,2026-09-23T23:23:10.723826,REPLENISHMENT
MOV-00114,MOV-00114,MED-1009-038,BAT-2026-014,59,QUAR-A01-R05-B02,QUAR-A01-R05-B02,WRK-013,2026-10-01T10:23:10.723826,REPLENISHMENT
MOV-00115,MOV-00115,MED-1010-039,BAT-2026-015,61,HIGH-A02-R02-B01,HIGH-A02-R02-B01,WRK-005,2026-09-26T21:23:10.723826,REPLENISHMENT
MOV-00116,MOV-00116,MED-1010-039,BAT-2026-015,61,HIGH-A02-R02-B01,HIGH-A02-R02-B01,WRK-005,2026-09-27T15:23:10.723826,REPLENISHMENT
MOV-00117,MOV-00117,MED-1010-039,BAT-2026-015,61,HIGH-A02-R02-B01,HIGH-A02-R02-B01,WRK-013,2026-09-27T22:23:10.723826,REPLENISHMENT
MOV-00118,MOV-00118,MED-1001-040,BAT-2026-016,173,AMBI-A01-R02-B02,AMBI-A01-R02-B02,WRK-003,2026-09-25T08:23:10.723826,REPLENISHMENT
MOV-00119,MOV-00119,MED-1001-040,BAT-2026-016,173,AMBI-A01-R02-B02,AMBI-A01-R02-B02,WRK-013,2026-09-27T06:23:10.723826,REPLENISHMENT
MOV-00120,MOV-00120,MED-1001-040,BAT-2026-016,173,AMBI-A01-R02-B02,AMBI-A01-R02-B02,WRK-005,2026-10-02T23:23:10.723826,REPLENISHMENT
MOV-00121,MOV-00121,MED-1002-041,BAT-2026-017,145,COLD-A02-R02-B03,COLD-A02-R02-B03,WRK-017,2026-10-03T11:23:10.723826,REPLENISHMENT
MOV-00122,MOV-00122,MED-1002-041,BAT-2026-017,145,COLD-A02-R02-B03,COLD-A02-R02-B03,WRK-014,2026-09-24T09:23:10.723826,REPLENISHMENT
MOV-00123,MOV-00123,MED-1002-041,BAT-2026-017,145,COLD-A02-R02-B03,COLD-A02-R02-B03,WRK-001,2026-10-01T00:23:10.723826,REPLENISHMENT
MOV-00124,MOV-00124,MED-1003-042,BAT-2026-018,48,COLD-A01-R02-B02,COLD-A01-R02-B02,WRK-006,2026-09-27T22:23:10.723826,REPLENISHMENT
MOV-00125,MOV-00125,MED-1003-042,BAT-2026-018,48,COLD-A01-R02-B02,COLD-A01-R02-B02,WRK-016,2026-09-25T23:23:10.723826,REPLENISHMENT
MOV-00126,MOV-00126,MED-1003-042,BAT-2026-018,48,COLD-A01-R02-B02,COLD-A01-R02-B02,WRK-005,2026-09-25T20:23:10.723826,REPLENISHMENT
MOV-00127,MOV-00127,MED-1004-043,BAT-2026-019,98,CONT-A02-R02-B02,CONT-A02-R02-B02,WRK-010,2026-09-24T15:23:10.723826,REPLENISHMENT
MOV-00128,MOV-00128,MED-1004-043,BAT-2026-019,98,CONT-A02-R02-B02,CONT-A02-R02-B02,WRK-018,2026-09-24T05:23:10.723826,REPLENISHMENT
MOV-00129,MOV-00129,MED-1004-043,BAT-2026-019,98,CONT-A02-R02-B02,CONT-A02-R02-B02,WRK-011,2026-09-30T14:23:10.723826,REPLENISHMENT
MOV-00130,MOV-00130,MED-1005-044,BAT-2026-020,34,HIGH-A01-R05-B03,HIGH-A01-R05-B03,WRK-013,2026-10-01T17:23:10.723826,REPLENISHMENT
MOV-00131,MOV-00131,MED-1005-044,BAT-2026-020,34,HIGH-A01-R05-B03,HIGH-A01-R05-B03,WRK-006,2026-09-24T18:23:10.723826,REPLENISHMENT
MOV-00132,MOV-00132,MED-1005-044,BAT-2026-020,34,HIGH-A01-R05-B03,HIGH-A01-R05-B03,WRK-015,2026-10-01T18:23:10.723826,REPLENISHMENT
MOV-00133,MOV-00133,MED-1006-045,BAT-2026-021,165,AMBI-A01-R05-B01,AMBI-A01-R05-B01,WRK-012,2026-09-23T02:23:10.723826,REPLENISHMENT
MOV-00134,MOV-00134,MED-1006-045,BAT-2026-021,165,AMBI-A01-R05-B01,AMBI-A01-R05-B01,WRK-008,2026-10-03T12:23:10.723826,REPLENISHMENT
MOV-00135,MOV-00135,MED-1006-045,BAT-2026-021,165,AMBI-A01-R05-B01,AMBI-A01-R05-B01,WRK-010,2026-09-30T08:23:10.723826,REPLENISHMENT
MOV-00136,MOV-00136,MED-1007-046,BAT-2026-022,41,CONT-A01-R03-B02,CONT-A01-R03-B02,WRK-018,2026-09-29T20:23:10.723826,REPLENISHMENT
MOV-00137,MOV-00137,MED-1007-046,BAT-2026-022,41,CONT-A01-R03-B02,CONT-A01-R03-B02,WRK-016,2026-09-25T22:23:10.723826,REPLENISHMENT
MOV-00138,MOV-00138,MED-1007-046,BAT-2026-022,41,CONT-A01-R03-B02,CONT-A01-R03-B02,WRK-015,2026-09-26T00:23:10.723826,REPLENISHMENT
MOV-00139,MOV-00139,MED-1008-047,BAT-2026-023,37,COLD-A02-R04-B01,COLD-A02-R04-B01,WRK-013,2026-09-29T22:23:10.723826,REPLENISHMENT
MOV-00140,MOV-00140,MED-1008-047,BAT-2026-023,37,COLD-A02-R04-B01,COLD-A02-R04-B01,WRK-014,2026-10-01T05:23:10.723826,REPLENISHMENT
MOV-00141,MOV-00141,MED-1008-047,BAT-2026-023,37,COLD-A02-R04-B01,COLD-A02-R04-B01,WRK-005,2026-09-24T19:23:10.723826,REPLENISHMENT
MOV-00142,MOV-00142,MED-1009-048,BAT-2026-024,52,QUAR-A01-R04-B01,QUAR-A01-R04-B01,WRK-016,2026-09-26T14:23:10.723826,REPLENISHMENT
MOV-00143,MOV-00143,MED-1009-048,BAT-2026-024,52,QUAR-A01-R04-B01,QUAR-A01-R04-B01,WRK-004,2026-09-28T06:23:10.723826,REPLENISHMENT
MOV-00144,MOV-00144,MED-1009-048,BAT-2026-024,52,QUAR-A01-R04-B01,QUAR-A01-R04-B01,WRK-010,2026-09-30T16:23:10.723826,REPLENISHMENT
MOV-00145,MOV-00145,MED-1010-049,BAT-2026-025,160,HIGH-A02-R04-B03,HIGH-A02-R04-B03,WRK-009,2026-09-23T18:23:10.723826,REPLENISHMENT
MOV-00146,MOV-00146,MED-1010-049,BAT-2026-025,160,HIGH-A02-R04-B03,HIGH-A02-R04-B03,WRK-005,2026-09-30T05:23:10.723826,REPLENISHMENT
MOV-00147,MOV-00147,MED-1010-049,BAT-2026-025,160,HIGH-A02-R04-B03,HIGH-A02-R04-B03,WRK-008,2026-09-28T15:23:10.723826,REPLENISHMENT
MOV-00148,MOV-00148,MED-1001-050,BAT-2026-001,87,AMBI-A01-R04-B04,AMBI-A01-R04-B04,WRK-001,2026-09-30T00:23:10.723826,REPLENISHMENT
MOV-00149,MOV-00149,MED-1001-050,BAT-2026-001,87,AMBI-A01-R04-B04,AMBI-A01-R04-B04,WRK-013,2026-09-28T14:23:10.723826,REPLENISHMENT
MOV-00150,MOV-00150,MED-1001-050,BAT-2026-001,87,AMBI-A01-R04-B04,AMBI-A01-R04-B04,WRK-008,2026-10-01T00:23:10.723826,REPLENISHMENT
MOV-00151,MOV-00151,MED-1002-051,BAT-2026-002,74,COLD-A02-R03-B04,COLD-A02-R03-B04,WRK-012,2026-09-28T15:23:10.723826,REPLENISHMENT
MOV-00152,MOV-00152,MED-1002-051,BAT-2026-002,74,COLD-A02-R03-B04,COLD-A02-R03-B04,WRK-011,2026-09-25T13:23:10.723826,REPLENISHMENT
MOV-00153,MOV-00153,MED-1002-051,BAT-2026-002,74,COLD-A02-R03-B04,COLD-A02-R03-B04,WRK-011,2026-09-24T11:23:10.723826,REPLENISHMENT
MOV-00154,MOV-00154,MED-1003-052,BAT-2026-003,99,COLD-A01-R05-B01,COLD-A01-R05-B01,WRK-002,2026-09-24T17:23:10.723826,REPLENISHMENT
MOV-00155,MOV-00155,MED-1003-052,BAT-2026-003,99,COLD-A01-R05-B01,COLD-A01-R05-B01,WRK-005,2026-09-27T04:23:10.723826,REPLENISHMENT
MOV-00156,MOV-00156,MED-1003-052,BAT-2026-003,99,COLD-A01-R05-B01,COLD-A01-R05-B01,WRK-001,2026-09-30T03:23:10.723826,REPLENISHMENT
MOV-00157,MOV-00157,MED-1004-053,BAT-2026-004,191,CONT-A02-R03-B03,CONT-A02-R03-B03,WRK-009,2026-09-23T13:23:10.723826,REPLENISHMENT
MOV-00158,MOV-00158,MED-1004-053,BAT-2026-004,191,CONT-A02-R03-B03,CONT-A02-R03-B03,WRK-018,2026-09-25T17:23:10.723826,REPLENISHMENT
MOV-00159,MOV-00159,MED-1004-053,BAT-2026-004,191,CONT-A02-R03-B03,CONT-A02-R03-B03,WRK-014,2026-10-02T05:23:10.723826,REPLENISHMENT
MOV-00160,MOV-00160,MED-1005-054,BAT-2026-005,132,HIGH-A02-R02-B01,HIGH-A02-R02-B01,WRK-008,2026-09-23T22:23:10.723826,REPLENISHMENT
MOV-00161,MOV-00161,MED-1005-054,BAT-2026-005,132,HIGH-A02-R02-B01,HIGH-A02-R02-B01,WRK-002,2026-09-26T16:23:10.723826,REPLENISHMENT
MOV-00162,MOV-00162,MED-1005-054,BAT-2026-005,132,HIGH-A02-R02-B01,HIGH-A02-R02-B01,WRK-015,2026-09-26T02:23:10.723826,REPLENISHMENT
MOV-00163,MOV-00163,MED-1006-055,BAT-2026-006,50,AMBI-A02-R04-B01,AMBI-A02-R04-B01,WRK-016,2026-09-23T16:23:10.723826,REPLENISHMENT
MOV-00164,MOV-00164,MED-1006-055,BAT-2026-006,50,AMBI-A02-R04-B01,AMBI-A02-R04-B01,WRK-001,2026-10-02T06:23:10.723826,REPLENISHMENT
MOV-00165,MOV-00165,MED-1006-055,BAT-2026-006,50,AMBI-A02-R04-B01,AMBI-A02-R04-B01,WRK-008,2026-10-03T05:23:10.723826,REPLENISHMENT
MOV-00166,MOV-00166,MED-1007-056,BAT-2026-007,77,CONT-A01-R05-B04,CONT-A01-R05-B04,WRK-014,2026-09-24T22:23:10.723826,REPLENISHMENT
MOV-00167,MOV-00167,MED-1007-056,BAT-2026-007,77,CONT-A01-R05-B04,CONT-A01-R05-B04,WRK-012,2026-09-23T08:23:10.723826,REPLENISHMENT
MOV-00168,MOV-00168,MED-1007-056,BAT-2026-007,77,CONT-A01-R05-B04,CONT-A01-R05-B04,WRK-014,2026-09-26T07:23:10.723826,REPLENISHMENT
MOV-00169,MOV-00169,MED-1008-057,BAT-2026-008,106,COLD-A01-R03-B03,COLD-A01-R03-B03,WRK-003,2026-09-25T10:23:10.723826,REPLENISHMENT
MOV-00170,MOV-00170,MED-1008-057,BAT-2026-008,106,COLD-A01-R03-B03,COLD-A01-R03-B03,WRK-003,2026-10-01T00:23:10.723826,REPLENISHMENT
MOV-00171,MOV-00171,MED-1008-057,BAT-2026-008,106,COLD-A01-R03-B03,COLD-A01-R03-B03,WRK-017,2026-10-01T06:23:10.723826,REPLENISHMENT
MOV-00172,MOV-00172,MED-1009-058,BAT-2026-009,170,QUAR-A01-R02-B03,QUAR-A01-R02-B03,WRK-001,2026-10-01T06:23:10.723826,REPLENISHMENT
MOV-00173,MOV-00173,MED-1009-058,BAT-2026-009,170,QUAR-A01-R02-B03,QUAR-A01-R02-B03,WRK-002,2026-09-29T04:23:10.723826,REPLENISHMENT
MOV-00174,MOV-00174,MED-1009-058,BAT-2026-009,170,QUAR-A01-R02-B03,QUAR-A01-R02-B03,WRK-012,2026-10-03T01:23:10.723826,REPLENISHMENT
MOV-00175,MOV-00175,MED-1010-059,BAT-2026-010,170,HIGH-A01-R05-B03,HIGH-A01-R05-B03,WRK-001,2026-09-27T12:23:10.723826,REPLENISHMENT
MOV-00176,MOV-00176,MED-1010-059,BAT-2026-010,170,HIGH-A01-R05-B03,HIGH-A01-R05-B03,WRK-012,2026-09-27T15:23:10.723826,REPLENISHMENT
MOV-00177,MOV-00177,MED-1010-059,BAT-2026-010,170,HIGH-A01-R05-B03,HIGH-A01-R05-B03,WRK-004,2026-09-26T12:23:10.723826,REPLENISHMENT
MOV-00178,MOV-00178,MED-1001-060,BAT-2026-011,21,AMBI-A01-R05-B01,AMBI-A01-R05-B01,WRK-011,2026-10-02T12:23:10.723826,REPLENISHMENT
MOV-00179,MOV-00179,MED-1001-060,BAT-2026-011,21,AMBI-A01-R05-B01,AMBI-A01-R05-B01,WRK-012,2026-09-24T14:23:10.723826,REPLENISHMENT
MOV-00180,MOV-00180,MED-1001-060,BAT-2026-011,21,AMBI-A01-R05-B01,AMBI-A01-R05-B01,WRK-006,2026-09-30T23:23:10.723826,REPLENISHMENT
MOV-00181,MOV-00181,MED-1002-061,BAT-2026-012,181,COLD-A01-R03-B03,COLD-A01-R03-B03,WRK-016,2026-10-03T03:23:10.723826,REPLENISHMENT
MOV-00182,MOV-00182,MED-1002-061,BAT-2026-012,181,COLD-A01-R03-B03,COLD-A01-R03-B03,WRK-005,2026-10-02T18:23:10.723826,REPLENISHMENT
MOV-00183,MOV-00183,MED-1002-061,BAT-2026-012,181,COLD-A01-R03-B03,COLD-A01-R03-B03,WRK-015,2026-09-24T11:23:10.723826,REPLENISHMENT
MOV-00184,MOV-00184,MED-1003-062,BAT-2026-013,78,COLD-A01-R02-B02,COLD-A01-R02-B02,WRK-007,2026-09-22T22:23:10.723826,REPLENISHMENT
MOV-00185,MOV-00185,MED-1003-062,BAT-2026-013,78,COLD-A01-R02-B02,COLD-A01-R02-B02,WRK-002,2026-09-22T19:23:10.723826,REPLENISHMENT
MOV-00186,MOV-00186,MED-1003-062,BAT-2026-013,78,COLD-A01-R02-B02,COLD-A01-R02-B02,WRK-017,2026-09-27T22:23:10.723826,REPLENISHMENT
MOV-00187,MOV-00187,MED-1004-063,BAT-2026-014,28,CONT-A01-R03-B02,CONT-A01-R03-B02,WRK-016,2026-09-29T06:23:10.723826,REPLENISHMENT
MOV-00188,MOV-00188,MED-1004-063,BAT-2026-014,28,CONT-A01-R03-B02,CONT-A01-R03-B02,WRK-007,2026-09-26T14:23:10.723826,REPLENISHMENT
MOV-00189,MOV-00189,MED-1004-063,BAT-2026-014,28,CONT-A01-R03-B02,CONT-A01-R03-B02,WRK-002,2026-09-27T00:23:10.723826,REPLENISHMENT
MOV-00190,MOV-00190,MED-1005-064,BAT-2026-015,38,HIGH-A02-R02-B01,HIGH-A02-R02-B01,WRK-009,2026-10-02T23:23:10.723826,REPLENISHMENT
MOV-00191,MOV-00191,MED-1005-064,BAT-2026-015,38,HIGH-A02-R02-B01,HIGH-A02-R02-B01,WRK-014,2026-09-24T00:23:10.723826,REPLENISHMENT
MOV-00192,MOV-00192,MED-1005-064,BAT-2026-015,38,HIGH-A02-R02-B01,HIGH-A02-R02-B01,WRK-015,2026-09-29T12:23:10.723826,REPLENISHMENT
MOV-00193,MOV-00193,MED-1006-065,BAT-2026-016,91,AMBI-A01-R05-B01,AMBI-A01-R05-B01,WRK-006,2026-09-28T23:23:10.723826,REPLENISHMENT
MOV-00194,MOV-00194,MED-1006-065,BAT-2026-016,91,AMBI-A01-R05-B01,AMBI-A01-R05-B01,WRK-016,2026-09-30T11:23:10.723826,REPLENISHMENT
MOV-00195,MOV-00195,MED-1006-065,BAT-2026-016,91,AMBI-A01-R05-B01,AMBI-A01-R05-B01,WRK-009,2026-09-28T05:23:10.723826,REPLENISHMENT
MOV-00196,MOV-00196,MED-1007-066,BAT-2026-017,74,CONT-A02-R04-B04,CONT-A02-R04-B04,WRK-014,2026-09-24T12:23:10.723826,REPLENISHMENT
MOV-00197,MOV-00197,MED-1007-066,BAT-2026-017,74,CONT-A02-R04-B04,CONT-A02-R04-B04,WRK-006,2026-09-24T02:23:10.723826,REPLENISHMENT
MOV-00198,MOV-00198,MED-1007-066,BAT-2026-017,74,CONT-A02-R04-B04,CONT-A02-R04-B04,WRK-011,2026-09-30T22:23:10.723826,REPLENISHMENT
MOV-00199,MOV-00199,MED-1008-067,BAT-2026-018,166,COLD-A01-R04-B04,COLD-A01-R04-B04,WRK-011,2026-09-23T15:23:10.723826,REPLENISHMENT
MOV-00200,MOV-00200,MED-1008-067,BAT-2026-018,166,COLD-A01-R04-B04,COLD-A01-R04-B04,WRK-010,2026-10-02T22:23:10.723826,REPLENISHMENT
MOV-00201,MOV-00201,MED-1008-067,BAT-2026-018,166,COLD-A01-R04-B04,COLD-A01-R04-B04,WRK-014,2026-09-30T08:23:10.723826,REPLENISHMENT
MOV-00202,MOV-00202,MED-1009-068,BAT-2026-019,82,QUAR-A02-R04-B02,QUAR-A02-R04-B02,WRK-015,2026-09-25T11:23:10.723826,REPLENISHMENT
MOV-00203,MOV-00203,MED-1009-068,BAT-2026-019,82,QUAR-A02-R04-B02,QUAR-A02-R04-B02,WRK-002,2026-09-28T03:23:10.723826,REPLENISHMENT
MOV-00204,MOV-00204,MED-1009-068,BAT-2026-019,82,QUAR-A02-R04-B02,QUAR-A02-R04-B02,WRK-014,2026-09-28T08:23:10.723826,REPLENISHMENT
MOV-00205,MOV-00205,MED-1010-069,BAT-2026-020,124,HIGH-A02-R04-B03,HIGH-A02-R04-B03,WRK-002,2026-09-27T09:23:10.723826,REPLENISHMENT
MOV-00206,MOV-00206,MED-1010-069,BAT-2026-020,124,HIGH-A02-R04-B03,HIGH-A02-R04-B03,WRK-013,2026-09-24T10:23:10.723826,REPLENISHMENT
MOV-00207,MOV-00207,MED-1010-069,BAT-2026-020,124,HIGH-A02-R04-B03,HIGH-A02-R04-B03,WRK-006,2026-09-28T05:23:10.723826,REPLENISHMENT
MOV-00208,MOV-00208,MED-1001-070,BAT-2026-021,44,AMBI-A01-R05-B01,AMBI-A01-R05-B01,WRK-015,2026-09-22T17:23:10.723826,REPLENISHMENT
MOV-00209,MOV-00209,MED-1001-070,BAT-2026-021,44,AMBI-A01-R05-B01,AMBI-A01-R05-B01,WRK-003,2026-09-22T17:23:10.723826,REPLENISHMENT
MOV-00210,MOV-00210,MED-1001-070,BAT-2026-021,44,AMBI-A01-R05-B01,AMBI-A01-R05-B01,WRK-012,2026-09-26T09:23:10.723826,REPLENISHMENT
MOV-00211,MOV-00211,MED-1002-071,BAT-2026-022,188,COLD-A01-R03-B03,COLD-A01-R03-B03,WRK-002,2026-09-28T01:23:10.723826,REPLENISHMENT
MOV-00212,MOV-00212,MED-1002-071,BAT-2026-022,188,COLD-A01-R03-B03,COLD-A01-R03-B03,WRK-015,2026-10-01T17:23:10.723826,REPLENISHMENT
MOV-00213,MOV-00213,MED-1002-071,BAT-2026-022,188,COLD-A01-R03-B03,COLD-A01-R03-B03,WRK-015,2026-09-28T00:23:10.723826,REPLENISHMENT
MOV-00214,MOV-00214,MED-1003-072,BAT-2026-023,110,COLD-A02-R03-B04,COLD-A02-R03-B04,WRK-005,2026-09-24T07:23:10.723826,REPLENISHMENT
MOV-00215,MOV-00215,MED-1003-072,BAT-2026-023,110,COLD-A02-R03-B04,COLD-A02-R03-B04,WRK-013,2026-10-01T00:23:10.723826,REPLENISHMENT
MOV-00216,MOV-00216,MED-1003-072,BAT-2026-023,110,COLD-A02-R03-B04,COLD-A02-R03-B04,WRK-009,2026-09-28T09:23:10.723826,REPLENISHMENT
MOV-00217,MOV-00217,MED-1004-073,BAT-2026-024,125,CONT-A02-R03-B03,CONT-A02-R03-B03,WRK-001,2026-09-25T16:23:10.723826,REPLENISHMENT
MOV-00218,MOV-00218,MED-1004-073,BAT-2026-024,125,CONT-A02-R03-B03,CONT-A02-R03-B03,WRK-017,2026-09-25T04:23:10.723826,REPLENISHMENT
MOV-00219,MOV-00219,MED-1004-073,BAT-2026-024,125,CONT-A02-R03-B03,CONT-A02-R03-B03,WRK-004,2026-09-29T06:23:10.723826,REPLENISHMENT
MOV-00220,MOV-00220,MED-1005-074,BAT-2026-025,33,HIGH-A02-R04-B03,HIGH-A02-R04-B03,WRK-015,2026-09-26T21:23:10.723826,REPLENISHMENT
MOV-00221,MOV-00221,MED-1005-074,BAT-2026-025,33,HIGH-A02-R04-B03,HIGH-A02-R04-B03,WRK-010,2026-09-26T08:23:10.723826,REPLENISHMENT
MOV-00222,MOV-00222,MED-1005-074,BAT-2026-025,33,HIGH-A02-R04-B03,HIGH-A02-R04-B03,WRK-004,2026-09-29T19:23:10.723826,REPLENISHMENT
MOV-00223,MOV-00223,MED-1006-075,BAT-2026-001,35,AMBI-A01-R03-B03,AMBI-A01-R03-B03,WRK-015,2026-09-24T15:23:10.723826,REPLENISHMENT
MOV-00224,MOV-00224,MED-1006-075,BAT-2026-001,35,AMBI-A01-R03-B03,AMBI-A01-R03-B03,WRK-015,2026-09-25T11:23:10.723826,REPLENISHMENT
MOV-00225,MOV-00225,MED-1006-075,BAT-2026-001,35,AMBI-A01-R03-B03,AMBI-A01-R03-B03,WRK-011,2026-09-24T10:23:10.723826,REPLENISHMENT
MOV-00226,MOV-00226,MED-1007-076,BAT-2026-002,106,CONT-A02-R03-B03,CONT-A02-R03-B03,WRK-003,2026-10-03T00:23:10.723826,REPLENISHMENT
MOV-00227,MOV-00227,MED-1007-076,BAT-2026-002,106,CONT-A02-R03-B03,CONT-A02-R03-B03,WRK-010,2026-10-01T06:23:10.723826,REPLENISHMENT
MOV-00228,MOV-00228,MED-1007-076,BAT-2026-002,106,CONT-A02-R03-B03,CONT-A02-R03-B03,WRK-006,2026-09-26T18:23:10.723826,REPLENISHMENT
MOV-00229,MOV-00229,MED-1008-077,BAT-2026-003,83,COLD-A01-R03-B03,COLD-A01-R03-B03,WRK-008,2026-09-28T05:23:10.723826,REPLENISHMENT
MOV-00230,MOV-00230,MED-1008-077,BAT-2026-003,83,COLD-A01-R03-B03,COLD-A01-R03-B03,WRK-005,2026-09-23T19:23:10.723826,REPLENISHMENT
MOV-00231,MOV-00231,MED-1008-077,BAT-2026-003,83,COLD-A01-R03-B03,COLD-A01-R03-B03,WRK-001,2026-09-26T04:23:10.723826,REPLENISHMENT
MOV-00232,MOV-00232,MED-1009-078,BAT-2026-004,68,QUAR-A01-R05-B02,QUAR-A01-R05-B02,WRK-012,2026-09-28T06:23:10.723826,REPLENISHMENT
MOV-00233,MOV-00233,MED-1009-078,BAT-2026-004,68,QUAR-A01-R05-B02,QUAR-A01-R05-B02,WRK-005,2026-09-30T06:23:10.723826,REPLENISHMENT
MOV-00234,MOV-00234,MED-1009-078,BAT-2026-004,68,QUAR-A01-R05-B02,QUAR-A01-R05-B02,WRK-003,2026-10-01T15:23:10.723826,REPLENISHMENT
MOV-00235,MOV-00235,MED-1010-079,BAT-2026-005,55,HIGH-A02-R04-B03,HIGH-A02-R04-B03,WRK-016,2026-09-27T01:23:10.723826,REPLENISHMENT
MOV-00236,MOV-00236,MED-1010-079,BAT-2026-005,55,HIGH-A02-R04-B03,HIGH-A02-R04-B03,WRK-014,2026-10-01T02:23:10.723826,REPLENISHMENT
MOV-00237,MOV-00237,MED-1010-079,BAT-2026-005,55,HIGH-A02-R04-B03,HIGH-A02-R04-B03,WRK-005,2026-10-01T15:23:10.723826,REPLENISHMENT
MOV-00238,MOV-00238,MED-1001-080,BAT-2026-006,66,AMBI-A02-R03-B04,AMBI-A02-R03-B04,WRK-003,2026-09-28T09:23:10.723826,REPLENISHMENT
MOV-00239,MOV-00239,MED-1001-080,BAT-2026-006,66,AMBI-A02-R03-B04,AMBI-A02-R03-B04,WRK-017,2026-09-30T03:23:10.723826,REPLENISHMENT
MOV-00240,MOV-00240,MED-1001-080,BAT-2026-006,66,AMBI-A02-R03-B04,AMBI-A02-R03-B04,WRK-018,2026-09-27T17:23:10.723826,REPLENISHMENT
MOV-00241,MOV-00241,MED-1002-081,BAT-2026-007,138,COLD-A02-R01-B02,COLD-A02-R01-B02,WRK-006,2026-10-03T07:23:10.723826,REPLENISHMENT
MOV-00242,MOV-00242,MED-1002-081,BAT-2026-007,138,COLD-A02-R01-B02,COLD-A02-R01-B02,WRK-017,2026-09-25T02:23:10.723826,REPLENISHMENT
MOV-00243,MOV-00243,MED-1002-081,BAT-2026-007,138,COLD-A02-R01-B02,COLD-A02-R01-B02,WRK-017,2026-09-22T16:23:10.723826,REPLENISHMENT
MOV-00244,MOV-00244,MED-1003-082,BAT-2026-008,39,COLD-A01-R05-B01,COLD-A01-R05-B01,WRK-006,2026-09-24T22:23:10.723826,REPLENISHMENT
MOV-00245,MOV-00245,MED-1003-082,BAT-2026-008,39,COLD-A01-R05-B01,COLD-A01-R05-B01,WRK-008,2026-09-24T23:23:10.723826,REPLENISHMENT
MOV-00246,MOV-00246,MED-1003-082,BAT-2026-008,39,COLD-A01-R05-B01,COLD-A01-R05-B01,WRK-010,2026-09-28T05:23:10.723826,REPLENISHMENT
MOV-00247,MOV-00247,MED-1004-083,BAT-2026-009,160,CONT-A02-R04-B04,CONT-A02-R04-B04,WRK-007,2026-09-23T21:23:10.723826,REPLENISHMENT
MOV-00248,MOV-00248,MED-1004-083,BAT-2026-009,160,CONT-A02-R04-B04,CONT-A02-R04-B04,WRK-009,2026-10-03T06:23:10.723826,REPLENISHMENT
MOV-00249,MOV-00249,MED-1004-083,BAT-2026-009,160,CONT-A02-R04-B04,CONT-A02-R04-B04,WRK-010,2026-09-25T09:23:10.723826,REPLENISHMENT
MOV-00250,MOV-00250,MED-1005-084,BAT-2026-010,32,HIGH-A01-R03-B01,HIGH-A01-R03-B01,WRK-003,2026-10-02T06:23:10.723826,REPLENISHMENT
MOV-00251,MOV-00251,MED-1005-084,BAT-2026-010,32,HIGH-A01-R03-B01,HIGH-A01-R03-B01,WRK-006,2026-10-01T09:23:10.723826,REPLENISHMENT
MOV-00252,MOV-00252,MED-1005-084,BAT-2026-010,32,HIGH-A01-R03-B01,HIGH-A01-R03-B01,WRK-005,2026-10-02T07:23:10.723826,REPLENISHMENT
MOV-00253,MOV-00253,MED-1006-085,BAT-2026-011,43,AMBI-A01-R02-B02,AMBI-A01-R02-B02,WRK-011,2026-09-25T10:23:10.723826,REPLENISHMENT
MOV-00254,MOV-00254,MED-1006-085,BAT-2026-011,43,AMBI-A01-R02-B02,AMBI-A01-R02-B02,WRK-001,2026-10-01T14:23:10.723826,REPLENISHMENT
MOV-00255,MOV-00255,MED-1006-085,BAT-2026-011,43,AMBI-A01-R02-B02,AMBI-A01-R02-B02,WRK-009,2026-09-23T14:23:10.723826,REPLENISHMENT
MOV-00256,MOV-00256,MED-1007-086,BAT-2026-012,62,CONT-A01-R05-B04,CONT-A01-R05-B04,WRK-014,2026-10-02T19:23:10.723826,REPLENISHMENT
MOV-00257,MOV-00257,MED-1007-086,BAT-2026-012,62,CONT-A01-R05-B04,CONT-A01-R05-B04,WRK-001,2026-10-02T09:23:10.723826,REPLENISHMENT
MOV-00258,MOV-00258,MED-1007-086,BAT-2026-012,62,CONT-A01-R05-B04,CONT-A01-R05-B04,WRK-018,2026-09-30T09:23:10.723826,REPLENISHMENT
MOV-00259,MOV-00259,MED-1008-087,BAT-2026-013,144,COLD-A02-R03-B04,COLD-A02-R03-B04,WRK-010,2026-09-27T09:23:10.723826,REPLENISHMENT
MOV-00260,MOV-00260,MED-1008-087,BAT-2026-013,144,COLD-A02-R03-B04,COLD-A02-R03-B04,WRK-013,2026-09-29T20:23:10.723826,REPLENISHMENT
MOV-00261,MOV-00261,MED-1008-087,BAT-2026-013,144,COLD-A02-R03-B04,COLD-A02-R03-B04,WRK-003,2026-09-27T03:23:10.723826,REPLENISHMENT
MOV-00262,MOV-00262,MED-1009-088,BAT-2026-014,74,QUAR-A02-R04-B02,QUAR-A02-R04-B02,WRK-015,2026-09-22T18:23:10.723826,REPLENISHMENT
MOV-00263,MOV-00263,MED-1009-088,BAT-2026-014,74,QUAR-A02-R04-B02,QUAR-A02-R04-B02,WRK-015,2026-09-29T04:23:10.723826,REPLENISHMENT
MOV-00264,MOV-00264,MED-1009-088,BAT-2026-014,74,QUAR-A02-R04-B02,QUAR-A02-R04-B02,WRK-005,2026-09-25T23:23:10.723826,REPLENISHMENT
MOV-00265,MOV-00265,MED-1010-089,BAT-2026-015,35,HIGH-A02-R03-B02,HIGH-A02-R03-B02,WRK-011,2026-09-28T11:23:10.723826,REPLENISHMENT
MOV-00266,MOV-00266,MED-1010-089,BAT-2026-015,35,HIGH-A02-R03-B02,HIGH-A02-R03-B02,WRK-005,2026-09-28T01:23:10.723826,REPLENISHMENT
MOV-00267,MOV-00267,MED-1010-089,BAT-2026-015,35,HIGH-A02-R03-B02,HIGH-A02-R03-B02,WRK-018,2026-09-28T05:23:10.723826,REPLENISHMENT
MOV-00268,MOV-00268,MED-1001-090,BAT-2026-016,117,AMBI-A01-R04-B04,AMBI-A01-R04-B04,WRK-008,2026-09-23T23:23:10.723826,REPLENISHMENT
MOV-00269,MOV-00269,MED-1001-090,BAT-2026-016,117,AMBI-A01-R04-B04,AMBI-A01-R04-B04,WRK-009,2026-09-29T16:23:10.723826,REPLENISHMENT
MOV-00270,MOV-00270,MED-1001-090,BAT-2026-016,117,AMBI-A01-R04-B04,AMBI-A01-R04-B04,WRK-005,2026-09-29T20:23:10.723826,REPLENISHMENT
MOV-00271,MOV-00271,MED-1002-091,BAT-2026-017,119,COLD-A01-R02-B02,COLD-A01-R02-B02,WRK-010,2026-09-23T14:23:10.723826,REPLENISHMENT
MOV-00272,MOV-00272,MED-1002-091,BAT-2026-017,119,COLD-A01-R02-B02,COLD-A01-R02-B02,WRK-014,2026-09-29T08:23:10.723826,REPLENISHMENT
MOV-00273,MOV-00273,MED-1002-091,BAT-2026-017,119,COLD-A01-R02-B02,COLD-A01-R02-B02,WRK-011,2026-09-25T18:23:10.723826,REPLENISHMENT
MOV-00274,MOV-00274,MED-1003-092,BAT-2026-018,136,COLD-A02-R01-B02,COLD-A02-R01-B02,WRK-011,2026-10-02T12:23:10.723826,REPLENISHMENT
MOV-00275,MOV-00275,MED-1003-092,BAT-2026-018,136,COLD-A02-R01-B02,COLD-A02-R01-B02,WRK-016,2026-09-25T18:23:10.723826,REPLENISHMENT
MOV-00276,MOV-00276,MED-1003-092,BAT-2026-018,136,COLD-A02-R01-B02,COLD-A02-R01-B02,WRK-016,2026-10-01T03:23:10.723826,REPLENISHMENT
MOV-00277,MOV-00277,MED-1004-093,BAT-2026-019,128,CONT-A02-R01-B01,CONT-A02-R01-B01,WRK-001,2026-09-27T04:23:10.723826,REPLENISHMENT
MOV-00278,MOV-00278,MED-1004-093,BAT-2026-019,128,CONT-A02-R01-B01,CONT-A02-R01-B01,WRK-017,2026-09-24T01:23:10.723826,REPLENISHMENT
MOV-00279,MOV-00279,MED-1004-093,BAT-2026-019,128,CONT-A02-R01-B01,CONT-A02-R01-B01,WRK-007,2026-09-29T20:23:10.723826,REPLENISHMENT
MOV-00280,MOV-00280,MED-1005-094,BAT-2026-020,59,HIGH-A02-R04-B03,HIGH-A02-R04-B03,WRK-002,2026-10-02T00:23:10.723826,REPLENISHMENT
MOV-00281,MOV-00281,MED-1005-094,BAT-2026-020,59,HIGH-A02-R04-B03,HIGH-A02-R04-B03,WRK-016,2026-09-22T22:23:10.723826,REPLENISHMENT
MOV-00282,MOV-00282,MED-1005-094,BAT-2026-020,59,HIGH-A02-R04-B03,HIGH-A02-R04-B03,WRK-016,2026-10-02T09:23:10.723826,REPLENISHMENT
MOV-00283,MOV-00283,MED-1006-095,BAT-2026-021,95,AMBI-A01-R05-B01,AMBI-A01-R05-B01,WRK-001,2026-09-27T06:23:10.723826,REPLENISHMENT
MOV-00284,MOV-00284,MED-1006-095,BAT-2026-021,95,AMBI-A01-R05-B01,AMBI-A01-R05-B01,WRK-005,2026-09-24T02:23:10.723826,REPLENISHMENT
MOV-00285,MOV-00285,MED-1006-095,BAT-2026-021,95,AMBI-A01-R05-B01,AMBI-A01-R05-B01,WRK-012,2026-09-27T12:23:10.723826,REPLENISHMENT
MOV-00286,MOV-00286,MED-1007-096,BAT-2026-022,34,CONT-A01-R05-B04,CONT-A01-R05-B04,WRK-002,2026-09-29T00:23:10.723826,REPLENISHMENT
MOV-00287,MOV-00287,MED-1007-096,BAT-2026-022,34,CONT-A01-R05-B04,CONT-A01-R05-B04,WRK-018,2026-09-28T14:23:10.723826,REPLENISHMENT
MOV-00288,MOV-00288,MED-1007-096,BAT-2026-022,34,CONT-A01-R05-B04,CONT-A01-R05-B04,WRK-018,2026-09-26T00:23:10.723826,REPLENISHMENT
MOV-00289,MOV-00289,MED-1008-097,BAT-2026-023,100,COLD-A01-R02-B02,COLD-A01-R02-B02,WRK-013,2026-09-26T15:23:10.723826,REPLENISHMENT
MOV-00290,MOV-00290,MED-1008-097,BAT-2026-023,100,COLD-A01-R02-B02,COLD-A01-R02-B02,WRK-018,2026-10-01T03:23:10.723826,REPLENISHMENT
MOV-00291,MOV-00291,MED-1008-097,BAT-2026-023,100,COLD-A01-R02-B02,COLD-A01-R02-B02,WRK-004,2026-09-27T08:23:10.723826,REPLENISHMENT
MOV-00292,MOV-00292,MED-1009-098,BAT-2026-024,32,QUAR-A01-R02-B03,QUAR-A01-R02-B03,WRK-013,2026-09-24T16:23:10.723826,REPLENISHMENT
MOV-00293,MOV-00293,MED-1009-098,BAT-2026-024,32,QUAR-A01-R02-B03,QUAR-A01-R02-B03,WRK-018,2026-09-27T23:23:10.723826,REPLENISHMENT
MOV-00294,MOV-00294,MED-1009-098,BAT-2026-024,32,QUAR-A01-R02-B03,QUAR-A01-R02-B03,WRK-007,2026-09-27T17:23:10.723826,REPLENISHMENT
MOV-00295,MOV-00295,MED-1010-099,BAT-2026-025,148,HIGH-A02-R04-B03,HIGH-A02-R04-B03,WRK-013,2026-10-02T05:23:10.723826,REPLENISHMENT
MOV-00296,MOV-00296,MED-1010-099,BAT-2026-025,148,HIGH-A02-R04-B03,HIGH-A02-R04-B03,WRK-002,2026-09-30T14:23:10.723826,REPLENISHMENT
MOV-00297,MOV-00297,MED-1010-099,BAT-2026-025,148,HIGH-A02-R04-B03,HIGH-A02-R04-B03,WRK-011,2026-09-22T17:23:10.723826,REPLENISHMENT
MOV-00298,MOV-00298,MED-1001-100,BAT-2026-001,34,AMBI-A01-R04-B04,AMBI-A01-R04-B04,WRK-015,2026-09-30T05:23:10.723826,REPLENISHMENT
MOV-00299,MOV-00299,MED-1001-100,BAT-2026-001,34,AMBI-A01-R04-B04,AMBI-A01-R04-B04,WRK-017,2026-09-25T08:23:10.723826,REPLENISHMENT
MOV-00300,MOV-00300,MED-1001-100,BAT-2026-001,34,AMBI-A01-R04-B04,AMBI-A01-R04-B04,WRK-011,2026-09-24T23:23:10.723826,REPLENISHMENT
MOV-00301,MOV-00301,MED-1002-101,BAT-2026-002,67,COLD-A01-R03-B03,COLD-A01-R03-B03,WRK-010,2026-09-25T01:23:10.723826,REPLENISHMENT
MOV-00302,MOV-00302,MED-1002-101,BAT-2026-002,67,COLD-A01-R03-B03,COLD-A01-R03-B03,WRK-017,2026-10-01T23:23:10.723826,REPLENISHMENT
MOV-00303,MOV-00303,MED-1002-101,BAT-2026-002,67,COLD-A01-R03-B03,COLD-A01-R03-B03,WRK-016,2026-10-01T06:23:10.723826,REPLENISHMENT
MOV-00304,MOV-00304,MED-1003-102,BAT-2026-003,172,COLD-A01-R03-B03,COLD-A01-R03-B03,WRK-016,2026-10-01T22:23:10.723826,REPLENISHMENT
MOV-00305,MOV-00305,MED-1003-102,BAT-2026-003,172,COLD-A01-R03-B03,COLD-A01-R03-B03,WRK-011,2026-09-23T00:23:10.723826,REPLENISHMENT
MOV-00306,MOV-00306,MED-1003-102,BAT-2026-003,172,COLD-A01-R03-B03,COLD-A01-R03-B03,WRK-014,2026-10-02T16:23:10.723826,REPLENISHMENT
MOV-00307,MOV-00307,MED-1004-103,BAT-2026-004,192,CONT-A01-R03-B02,CONT-A01-R03-B02,WRK-001,2026-10-01T22:23:10.723826,REPLENISHMENT
MOV-00308,MOV-00308,MED-1004-103,BAT-2026-004,192,CONT-A01-R03-B02,CONT-A01-R03-B02,WRK-009,2026-10-02T04:23:10.723826,REPLENISHMENT
MOV-00309,MOV-00309,MED-1004-103,BAT-2026-004,192,CONT-A01-R03-B02,CONT-A01-R03-B02,WRK-008,2026-10-03T07:23:10.723826,REPLENISHMENT
MOV-00310,MOV-00310,MED-1005-104,BAT-2026-005,123,HIGH-A01-R05-B03,HIGH-A01-R05-B03,WRK-016,2026-09-23T07:23:10.723826,REPLENISHMENT
MOV-00311,MOV-00311,MED-1005-104,BAT-2026-005,123,HIGH-A01-R05-B03,HIGH-A01-R05-B03,WRK-013,2026-09-25T05:23:10.723826,REPLENISHMENT
MOV-00312,MOV-00312,MED-1005-104,BAT-2026-005,123,HIGH-A01-R05-B03,HIGH-A01-R05-B03,WRK-008,2026-09-25T10:23:10.723826,REPLENISHMENT
MOV-00313,MOV-00313,MED-1006-105,BAT-2026-006,165,AMBI-A01-R03-B03,AMBI-A01-R03-B03,WRK-004,2026-09-23T07:23:10.723826,REPLENISHMENT
MOV-00314,MOV-00314,MED-1006-105,BAT-2026-006,165,AMBI-A01-R03-B03,AMBI-A01-R03-B03,WRK-015,2026-09-25T13:23:10.723826,REPLENISHMENT
MOV-00315,MOV-00315,MED-1006-105,BAT-2026-006,165,AMBI-A01-R03-B03,AMBI-A01-R03-B03,WRK-005,2026-09-28T02:23:10.723826,REPLENISHMENT
MOV-00316,MOV-00316,MED-1007-106,BAT-2026-007,168,CONT-A01-R05-B04,CONT-A01-R05-B04,WRK-007,2026-09-29T11:23:10.723826,REPLENISHMENT
MOV-00317,MOV-00317,MED-1007-106,BAT-2026-007,168,CONT-A01-R05-B04,CONT-A01-R05-B04,WRK-016,2026-09-29T05:23:10.723826,REPLENISHMENT
MOV-00318,MOV-00318,MED-1007-106,BAT-2026-007,168,CONT-A01-R05-B04,CONT-A01-R05-B04,WRK-005,2026-09-23T11:23:10.723826,REPLENISHMENT
MOV-00319,MOV-00319,MED-1008-107,BAT-2026-008,178,COLD-A01-R02-B02,COLD-A01-R02-B02,WRK-018,2026-09-30T19:23:10.723826,REPLENISHMENT
MOV-00320,MOV-00320,MED-1008-107,BAT-2026-008,178,COLD-A01-R02-B02,COLD-A01-R02-B02,WRK-016,2026-09-28T10:23:10.723826,REPLENISHMENT
MOV-00321,MOV-00321,MED-1008-107,BAT-2026-008,178,COLD-A01-R02-B02,COLD-A01-R02-B02,WRK-011,2026-10-01T01:23:10.723826,REPLENISHMENT
MOV-00322,MOV-00322,MED-1009-108,BAT-2026-009,127,QUAR-A01-R03-B04,QUAR-A01-R03-B04,WRK-018,2026-09-25T03:23:10.723826,REPLENISHMENT
MOV-00323,MOV-00323,MED-1009-108,BAT-2026-009,127,QUAR-A01-R03-B04,QUAR-A01-R03-B04,WRK-012,2026-09-28T06:23:10.723826,REPLENISHMENT
MOV-00324,MOV-00324,MED-1009-108,BAT-2026-009,127,QUAR-A01-R03-B04,QUAR-A01-R03-B04,WRK-009,2026-10-03T12:23:10.723826,REPLENISHMENT
MOV-00325,MOV-00325,MED-1010-109,BAT-2026-010,86,HIGH-A02-R02-B01,HIGH-A02-R02-B01,WRK-007,2026-10-02T04:23:10.723826,REPLENISHMENT
MOV-00326,MOV-00326,MED-1010-109,BAT-2026-010,86,HIGH-A02-R02-B01,HIGH-A02-R02-B01,WRK-018,2026-09-25T21:23:10.723826,REPLENISHMENT
MOV-00327,MOV-00327,MED-1010-109,BAT-2026-010,86,HIGH-A02-R02-B01,HIGH-A02-R02-B01,WRK-010,2026-09-26T20:23:10.723826,REPLENISHMENT
MOV-00328,MOV-00328,MED-1001-110,BAT-2026-011,191,AMBI-A01-R05-B01,AMBI-A01-R05-B01,WRK-007,2026-09-27T11:23:10.723826,REPLENISHMENT
MOV-00329,MOV-00329,MED-1001-110,BAT-2026-011,191,AMBI-A01-R05-B01,AMBI-A01-R05-B01,WRK-016,2026-09-29T23:23:10.723826,REPLENISHMENT
MOV-00330,MOV-00330,MED-1001-110,BAT-2026-011,191,AMBI-A01-R05-B01,AMBI-A01-R05-B01,WRK-009,2026-09-28T06:23:10.723826,REPLENISHMENT
