failure_id,id,sku,batch_id,expected_location,worker_id,timestamp,failure_reason
FAIL-00001,FAIL-00001,MED-1002-001,BAT-2026-002,COLD-A01-R05-B01,WRK-004,2026-10-02T18:23:10.730033,NOT_FOUND
FAIL-00002,FAIL-00002,MED-1002-001,BAT-2026-002,COLD-A01-R05-B01,WRK-018,2026-10-02T00:23:10.730033,NOT_FOUND
FAIL-00003,FAIL-00003,MED-1003-002,BAT-2026-003,COLD-A02-R04-B01,WRK-013,2026-10-02T12:23:10.730033,NOT_FOUND
FAIL-00004,FAIL-00004,MED-1003-002,BAT-2026-003,COLD-A02-R04-B01,WRK-005,2026-10-02T14:23:10.730033,NOT_FOUND
FAIL-00005,FAIL-00005,MED-1004-003,BAT-2026-004,CONT-A02-R01-B01,WRK-002,2026-10-02T18:23:10.730033,NOT_FOUND
FAIL-00006,FAIL-00006,MED-1004-003,BAT-2026-004,CONT-A02-R01-B01,WRK-003,2026-10-02T18:23:10.730033,NOT_FOUND
FAIL-00007,FAIL-00007,MED-1005-004,BAT-2026-005,HIGH-A01-R05-B03,WRK-015,2026-10-02T14:23:10.730033,NOT_FOUND
FAIL-00008,FAIL-00008,MED-1005-004,BAT-2026-005,HIGH-A01-R05-B03,WRK-009,2026-10-01T19:23:10.730033,NOT_FOUND
FAIL-00009,FAIL-00009,MED-1006-005,BAT-2026-006,AMBI-A02-R02-B03,WRK-016,2026-10-01T13:23:10.730033,NOT_FOUND
FAIL-00010,FAIL-00010,MED-1006-005,BAT-2026-006,AMBI-A02-R02-B03,WRK-007,2026-10-02T23:23:10.730033,NOT_FOUND
FAIL-00011,FAIL-00011,MED-1007-006,BAT-2026-007,CONT-A01-R05-B04,WRK-009,2026-10-02T02:23:10.730033,NOT_FOUND
FAIL-00012,FAIL-00012,MED-1007-006,BAT-2026-007,CONT-A01-R05-B04,WRK-009,2026-10-02T01:23:10.730033,NOT_FOUND
FAIL-00013,FAIL-00013,MED-1008-007,BAT-2026-008,COLD-A02-R02-B03,WRK-004,2026-10-03T04:23:10.730033,NOT_FOUND
FAIL-00014,FAIL-00014,MED-1008-007,BAT-2026-008,COLD-A02-R02-B03,WRK-008,2026-10-01T21:23:10.730033,NOT_FOUND
FAIL-00015,FAIL-00015,MED-1009-008,BAT-2026-009,QUAR-A02-R01-B03,WRK-002,2026-10-02T21:23:10.730033,NOT_FOUND
FAIL-00016,FAIL-00016,MED-1009-008,BAT-2026-009,QUAR-A02-R01-B03,WRK-017,2026-10-01T18:23:10.730033,NOT_FOUND
FAIL-00017,FAIL-00017,MED-1010-009,BAT-2026-010,HIGH-A01-R05-B03,WRK-008,2026-10-02T22:23:10.730033,NOT_FOUND
FAIL-00018,FAIL-00018,MED-1010-009,BAT-2026-010,HIGH-A01-R05-B03,WRK-004,2026-10-03T09:23:10.730033,NOT_FOUND
FAIL-00019,FAIL-00019,MED-1001-010,BAT-2026-011,AMBI-A02-R02-B03,WRK-011,2026-10-02T10:23:10.730033,NOT_FOUND
FAIL-00020,FAIL-00020,MED-1001-010,BAT-2026-011,AMBI-A02-R02-B03,WRK-016,2026-10-01T15:23:10.730033,NOT_FOUND
FAIL-00021,FAIL-00021,MED-1002-011,BAT-2026-012,COLD-A02-R04-B01,WRK-005,2026-10-03T06:23:10.730033,NOT_FOUND
FAIL-00022,FAIL-00022,MED-1002-011,BAT-2026-012,COLD-A02-R04-B01,WRK-018,2026-10-03T12:23:10.730033,NOT_FOUND
FAIL-00023,FAIL-00023,MED-1003-012,BAT-2026-013,COLD-A02-R04-B01,WRK-014,2026-10-03T02:23:10.730033,NOT_FOUND
FAIL-00024,FAIL-00024,MED-1003-012,BAT-2026-013,COLD-A02-R04-B01,WRK-016,2026-10-01T19:23:10.730033,NOT_FOUND
