scan_id,id,sku,batch_id,quantity,source_location,destination_location,from_location,to_location,worker_id,timestamp,zone
PUT-00001,PUT-00001,MED-1002-001,BAT-2026-002,61,RECEIVING-BAY-01,COLD-A01-R05-B01,RECEIVING-BAY-01,COLD-A01-R05-B01,WRK-009,2026-09-24T20:23:10.723826,COLD_STORAGE
PUT-00002,PUT-00002,MED-1002-001,BAT-2026-002,61,RECEIVING-BAY-01,COLD-A01-R05-B01,RECEIVING-BAY-01,COLD-A01-R05-B01,WRK-010,2026-09-25T17:23:10.723826,COLD_STORAGE
PUT-00003,PUT-00003,MED-1002-001,BAT-2026-002,61,RECEIVING-BAY-01,COLD-A01-R02-B02,RECEIVING-BAY-01,COLD-A01-R02-B02,WRK-003,2026-09-26T23:23:10.723826,COLD_STORAGE
PUT-00004,PUT-00004,MED-1003-002,BAT-2026-003,117,RECEIVING-BAY-01,COLD-A02-R04-B01,RECEIVING-BAY-01,COLD-A02-R04-B01,WRK-004,2026-09-27T08:23:10.723826,COLD_STORAGE
PUT-00005,PUT-00005,MED-1003-002,BAT-2026-003,117,RECEIVING-BAY-01,COLD-A02-R04-B01,RECEIVING-BAY-01,COLD-A02-R04-B01,WRK-007,2026-09-21T06:23:10.723826,COLD_STORAGE
PUT-00006,PUT-00006,MED-1003-002,BAT-2026-003,117,RECEIVING-BAY-01,COLD-A01-R04-B04,RECEIVING-BAY-01,COLD-A01-R04-B04,WRK-005,2026-09-27T21:23:10.723826,COLD_STORAGE
PUT-00007,PUT-00007,MED-1004-003,BAT-2026-004,183,RECEIVING-BAY-01,CONT-A02-R01-B01,RECEIVING-BAY-01,CONT-A02-R01-B01,WRK-012,2026-09-20T20:23:10.723826,CONTROLLED_ACCESS
PUT-00008,PUT-00008,MED-1004-003,BAT-2026-004,183,RECEIVING-BAY-01,CONT-A02-R01-B01,RECEIVING-BAY-01,CONT-A02-R01-B01,WRK-015,2026-09-23T18:23:10.723826,CONTROLLED_ACCESS
PUT-00009,PUT-00009,MED-1004-003,BAT-2026-004,183,RECEIVING-BAY-01,CONT-A02-R02-B02,RECEIVING-BAY-01,CONT-A02-R02-B02,WRK-010,2026-09-28T11:23:10.723826,CONTROLLED_ACCESS
PUT-00010,PUT-00010,MED-1005-004,BAT-2026-005,195,RECEIVING-BAY-01,HIGH-A01-R05-B03,RECEIVING-BAY-01,HIGH-A01-R05-B03,WRK-001,2026-09-30T05:23:10.723826,HIGH_VALUE
PUT-00011,PUT-00011,MED-1005-004,BAT-2026-005,195,RECEIVING-BAY-01,HIGH-A01-R05-B03,RECEIVING-BAY-01,HIGH-A01-R05-B03,WRK-010,2026-09-30T06:23:10.723826,HIGH_VALUE
PUT-00012,PUT-00012,MED-1005-004,BAT-2026-005,195,RECEIVING-BAY-01,HIGH-A01-R04-B02,RECEIVING-BAY-01,HIGH-A01-R04-B02,WRK-005,2026-09-29T16:23:10.723826,HIGH_VALUE
PUT-00013,PUT-00013,MED-1006-005,BAT-2026-006,34,RECEIVING-BAY-01,AMBI-A02-R02-B03,RECEIVING-BAY-01,AMBI-A02-R02-B03,WRK-018,2026-09-20T16:23:10.723826,AMBIENT
PUT-00014,PUT-00014,MED-1006-005,BAT-2026-006,34,RECEIVING-BAY-01,AMBI-A02-R02-B03,RECEIVING-BAY-01,AMBI-A02-R02-B03,WRK-010,2026-09-21T21:23:10.723826,AMBIENT
PUT-00015,PUT-00015,MED-1006-005,BAT-2026-006,34,RECEIVING-BAY-01,AMBI-A01-R03-B03,RECEIVING-BAY-01,AMBI-A01-R03-B03,WRK-011,2026-09-28T19:23:10.723826,AMBIENT
PUT-00016,PUT-00016,MED-1007-006,BAT-2026-007,28,RECEIVING-BAY-01,CONT-A01-R05-B04,RECEIVING-BAY-01,CONT-A01-R05-B04,WRK-009,2026-09-30T09:23:10.723826,CONTROLLED_ACCESS
PUT-00017,PUT-00017,MED-1007-006,BAT-2026-007,28,RECEIVING-BAY-01,CONT-A01-R05-B04,RECEIVING-BAY-01,CONT-A01-R05-B04,WRK-009,2026-09-28T04:23:10.723826,CONTROLLED_ACCESS
PUT-00018,PUT-00018,MED-1007-006,BAT-2026-007,28,RECEIVING-BAY-01,CONT-A02-R04-B04,RECEIVING-BAY-01,CONT-A02-R04-B04,WRK-014,2026-09-19T15:23:10.723826,CONTROLLED_ACCESS
PUT-00019,PUT-00019,MED-1008-007,BAT-2026-008,122,RECEIVING-BAY-01,COLD-A02-R02-B03,RECEIVING-BAY-01,COLD-A02-R02-B03,WRK-001,2026-09-23T14:23:10.723826,COLD_STORAGE
PUT-00020,PUT-00020,MED-1008-007,BAT-2026-008,122,RECEIVING-BAY-01,COLD-A02-R02-B03,RECEIVING-BAY-01,COLD-A02-R02-B03,WRK-009,2026-09-24T17:23:10.723826,COLD_STORAGE
PUT-00021,PUT-00021,MED-1008-007,BAT-2026-008,122,RECEIVING-BAY-01,COLD-A02-R01-B02,RECEIVING-BAY-01,COLD-A02-R01-B02,WRK-015,2026-09-22T12:23:10.723826,COLD_STORAGE
PUT-00022,PUT-00022,MED-1009-008,BAT-2026-009,36,RECEIVING-BAY-01,QUAR-A02-R01-B03,RECEIVING-BAY-01,QUAR-A02-R01-B03,WRK-001,2026-09-26T06:23:10.723826,QUARANTINE
PUT-00023,PUT-00023,MED-1009-008,BAT-2026-009,36,RECEIVING-BAY-01,QUAR-A02-R01-B03,RECEIVING-BAY-01,QUAR-A02-R01-B03,WRK-005,2026-09-20T15:23:10.723826,QUARANTINE
PUT-00024,PUT-00024,MED-1009-008,BAT-2026-009,36,RECEIVING-BAY-01,QUAR-A02-R02-B04,RECEIVING-BAY-01,QUAR-A02-R02-B04,WRK-012,2026-09-27T14:23:10.723826,QUARANTINE
PUT-00025,PUT-00025,MED-1010-009,BAT-2026-010,165,RECEIVING-BAY-01,HIGH-A01-R05-B03,RECEIVING-BAY-01,HIGH-A01-R05-B03,WRK-014,2026-09-27T17:23:10.723826,HIGH_VALUE
PUT-00026,PUT-00026,MED-1010-009,BAT-2026-010,165,RECEIVING-BAY-01,HIGH-A01-R05-B03,RECEIVING-BAY-01,HIGH-A01-R05-B03,WRK-010,2026-09-21T14:23:10.723826,HIGH_VALUE
PUT-00027,PUT-00027,MED-1010-009,BAT-2026-010,165,RECEIVING-BAY-01,HIGH-A01-R03-B01,RECEIVING-BAY-01,HIGH-A01-R03-B01,WRK-012,2026-09-24T14:23:10.723826,HIGH_VALUE
PUT-00028,PUT-00028,MED-1001-010,BAT-2026-011,74,RECEIVING-BAY-01,AMBI-A02-R02-B03,RECEIVING-BAY-01,AMBI-A02-R02-B03,WRK-004,2026-09-29T20:23:10.723826,AMBIENT
PUT-00029,PUT-00029,MED-1001-010,BAT-2026-011,74,RECEIVING-BAY-01,AMBI-A02-R02-B03,RECEIVING-BAY-01,AMBI-A02-R02-B03,WRK-014,2026-09-25T06:23:10.723826,AMBIENT
PUT-00030,PUT-00030,MED-1001-010,BAT-2026-011,74,RECEIVING-BAY-01,AMBI-A01-R03-B03,RECEIVING-BAY-01,AMBI-A01-R03-B03,WRK-005,2026-09-29T12:23:10.723826,AMBIENT
PUT-00031,PUT-00031,MED-1002-011,BAT-2026-012,121,RECEIVING-BAY-01,COLD-A02-R04-B01,RECEIVING-BAY-01,COLD-A02-R04-B01,WRK-014,2026-09-21T18:23:10.723826,COLD_STORAGE
PUT-00032,PUT-00032,MED-1002-011,BAT-2026-012,121,RECEIVING-BAY-01,COLD-A02-R04-B01,RECEIVING-BAY-01,COLD-A02-R04-B01,WRK-011,2026-09-19T18:23:10.723826,COLD_STORAGE
PUT-00033,PUT-00033,MED-1002-011,BAT-2026-012,121,RECEIVING-BAY-01,COLD-A01-R04-B04,RECEIVING-BAY-01,COLD-A01-R04-B04,WRK-008,2026-09-26T10:23:10.723826,COLD_STORAGE
PUT-00034,PUT-00034,MED-1003-012,BAT-2026-013,56,RECEIVING-BAY-01,COLD-A02-R04-B01,RECEIVING-BAY-01,COLD-A02-R04-B01,WRK-004,2026-09-22T11:23:10.723826,COLD_STORAGE
PUT-00035,PUT-00035,MED-1003-012,BAT-2026-013,56,RECEIVING-BAY-01,COLD-A02-R04-B01,RECEIVING-BAY-01,COLD-A02-R04-B01,WRK-016,2026-09-25T14:23:10.723826,COLD_STORAGE
PUT-00036,PUT-00036,MED-1003-012,BAT-2026-013,56,RECEIVING-BAY-01,COLD-A01-R04-B04,RECEIVING-BAY-01,COLD-A01-R04-B04,WRK-015,2026-09-22T19:23:10.723826,COLD_STORAGE
PUT-00037,PUT-00037,MED-1004-013,BAT-2026-014,55,RECEIVING-BAY-01,CONT-A02-R01-B01,RECEIVING-BAY-01,CONT-A02-R01-B01,WRK-008,2026-09-23T20:23:10.723826,CONTROLLED_ACCESS
PUT-00038,PUT-00038,MED-1004-013,BAT-2026-014,55,RECEIVING-BAY-01,CONT-A02-R01-B01,RECEIVING-BAY-01,CONT-A02-R01-B01,WRK-007,2026-09-20T10:23:10.723826,CONTROLLED_ACCESS
PUT-00039,PUT-00039,MED-1004-013,BAT-2026-014,55,RECEIVING-BAY-01,CONT-A02-R01-B01,RECEIVING-BAY-01,CONT-A02-R01-B01,WRK-009,2026-09-25T23:23:10.723826,CONTROLLED_ACCESS
PUT-00040,PUT-00040,MED-1005-014,BAT-2026-015,163,RECEIVING-BAY-01,HIGH-A01-R05-B03,RECEIVING-BAY-01,HIGH-A01-R05-B03,WRK-012,2026-09-20T21:23:10.723826,HIGH_VALUE
PUT-00041,PUT-00041,MED-1005-014,BAT-2026-015,163,RECEIVING-BAY-01,HIGH-A01-R05-B03,RECEIVING-BAY-01,HIGH-A01-R05-B03,WRK-013,2026-09-30T05:23:10.723826,HIGH_VALUE
PUT-00042,PUT-00042,MED-1005-014,BAT-2026-015,163,RECEIVING-BAY-01,HIGH-A01-R05-B03,RECEIVING-BAY-01,HIGH-A01-R05-B03,WRK-011,2026-09-30T06:23:10.723826,HIGH_VALUE
PUT-00043,PUT-00043,MED-1006-015,BAT-2026-016,169,RECEIVING-BAY-01,AMBI-A02-R01-B02,RECEIVING-BAY-01,AMBI-A02-R01-B02,WRK-009,2026-09-19T16:23:10.723826,AMBIENT
PUT-00044,PUT-00044,MED-1006-015,BAT-2026-016,169,RECEIVING-BAY-01,AMBI-A02-R01-B02,RECEIVING-BAY-01,AMBI-A02-R01-B02,WRK-009,2026-09-22T07:23:10.723826,AMBIENT
PUT-00045,PUT-00045,MED-1006-015,BAT-2026-016,169,RECEIVING-BAY-01,AMBI-A02-R01-B02,RECEIVING-BAY-01,AMBI-A02-R01-B02,WRK-014,2026-09-19T16:23:10.723826,AMBIENT
PUT-00046,PUT-00046,MED-1007-016,BAT-2026-017,169,RECEIVING-BAY-01,CONT-A02-R03-B03,RECEIVING-BAY-01,CONT-A02-R03-B03,WRK-011,2026-09-25T12:23:10.723826,CONTROLLED_ACCESS
PUT-00047,PUT-00047,MED-1007-016,BAT-2026-017,169,RECEIVING-BAY-01,CONT-A02-R03-B03,RECEIVING-BAY-01,CONT-A02-R03-B03,WRK-017,2026-09-26T08:23:10.723826,CONTROLLED_ACCESS
PUT-00048,PUT-00048,MED-1007-016,BAT-2026-017,169,RECEIVING-BAY-01,CONT-A02-R03-B03,RECEIVING-BAY-01,CONT-A02-R03-B03,WRK-007,2026-09-21T01:23:10.723826,CONTROLLED_ACCESS
PUT-00049,PUT-00049,MED-1008-017,BAT-2026-018,112,RECEIVING-BAY-01,COLD-A02-R03-B04,RECEIVING-BAY-01,COLD-A02-R03-B04,WRK-014,2026-09-23T14:23:10.723826,COLD_STORAGE
PUT-00050,PUT-00050,MED-1008-017,BAT-2026-018,112,RECEIVING-BAY-01,COLD-A02-R03-B04,RECEIVING-BAY-01,COLD-A02-R03-B04,WRK-018,2026-09-20T05:23:10.723826,COLD_STORAGE
PUT-00051,PUT-00051,MED-1008-017,BAT-2026-018,112,RECEIVING-BAY-01,COLD-A02-R03-B04,RECEIVING-BAY-01,COLD-A02-R03-B04,WRK-007,2026-09-30T12:23:10.723826,COLD_STORAGE
PUT-00052,PUT-00052,MED-1009-018,BAT-2026-019,55,RECEIVING-BAY-01,QUAR-A01-R05-B02,RECEIVING-BAY-01,QUAR-A01-R05-B02,WRK-003,2026-09-25T02:23:10.723826,QUARANTINE
PUT-00053,PUT-00053,MED-1009-018,BAT-2026-019,55,RECEIVING-BAY-01,QUAR-A01-R05-B02,RECEIVING-BAY-01,QUAR-A01-R05-B02,WRK-011,2026-09-29T23:23:10.723826,QUARANTINE
PUT-00054,PUT-00054,MED-1009-018,BAT-2026-019,55,RECEIVING-BAY-01,QUAR-A01-R05-B02,RECEIVING-BAY-01,QUAR-A01-R05-B02,WRK-010,2026-09-29T16:23:10.723826,QUARANTINE
PUT-00055,PUT-00055,MED-1010-019,BAT-2026-020,43,RECEIVING-BAY-01,HIGH-A02-R04-B03,RECEIVING-BAY-01,HIGH-A02-R04-B03,WRK-014,2026-09-27T22:23:10.723826,HIGH_VALUE
PUT-00056,PUT-00056,MED-1010-019,BAT-2026-020,43,RECEIVING-BAY-01,HIGH-A02-R04-B03,RECEIVING-BAY-01,HIGH-A02-R04-B03,WRK-010,2026-09-25T01:23:10.723826,HIGH_VALUE
PUT-00057,PUT-00057,MED-1010-019,BAT-2026-020,43,RECEIVING-BAY-01,HIGH-A02-R04-B03,RECEIVING-BAY-01,HIGH-A02-R04-B03,WRK-007,2026-09-27T17:23:10.723826,HIGH_VALUE
PUT-00058,PUT-00058,MED-1001-020,BAT-2026-021,48,RECEIVING-BAY-01,AMBI-A01-R02-B02,RECEIVING-BAY-01,AMBI-A01-R02-B02,WRK-013,2026-09-26T10:23:10.723826,AMBIENT
PUT-00059,PUT-00059,MED-1001-020,BAT-2026-021,48,RECEIVING-BAY-01,AMBI-A01-R02-B02,RECEIVING-BAY-01,AMBI-A01-R02-B02,WRK-006,2026-09-30T12:23:10.723826,AMBIENT
PUT-00060,PUT-00060,MED-1001-020,BAT-2026-021,48,RECEIVING-BAY-01,AMBI-A01-R02-B02,RECEIVING-BAY-01,AMBI-A01-R02-B02,WRK-010,2026-09-29T07:23:10.723826,AMBIENT
PUT-00061,PUT-00061,MED-1002-021,BAT-2026-022,180,RECEIVING-BAY-01,COLD-A01-R04-B04,RECEIVING-BAY-01,COLD-A01-R04-B04,WRK-001,2026-09-26T06:23:10.723826,COLD_STORAGE
PUT-00062,PUT-00062,MED-1002-021,BAT-2026-022,180,RECEIVING-BAY-01,COLD-A01-R04-B04,RECEIVING-BAY-01,COLD-A01-R04-B04,WRK-007,2026-09-23T22:23:10.723826,COLD_STORAGE
PUT-00063,PUT-00063,MED-1002-021,BAT-2026-022,180,RECEIVING-BAY-01,COLD-A01-R04-B04,RECEIVING-BAY-01,COLD-A01-R04-B04,WRK-011,2026-09-26T07:23:10.723826,COLD_STORAGE
PUT-00064,PUT-00064,MED-1003-022,BAT-2026-023,194,RECEIVING-BAY-01,COLD-A01-R04-B04,RECEIVING-BAY-01,COLD-A01-R04-B04,WRK-015,2026-09-27T03:23:10.723826,COLD_STORAGE
PUT-00065,PUT-00065,MED-1003-022,BAT-2026-023,194,RECEIVING-BAY-01,COLD-A01-R04-B04,RECEIVING-BAY-01,COLD-A01-R04-B04,WRK-017,2026-09-29T19:23:10.723826,COLD_STORAGE
PUT-00066,PUT-00066,MED-1003-022,BAT-2026-023,194,RECEIVING-BAY-01,COLD-A01-R04-B04,RECEIVING-BAY-01,COLD-A01-R04-B04,WRK-006,2026-09-27T12:23:10.723826,COLD_STORAGE
PUT-00067,PUT-00067,MED-1004-023,BAT-2026-024,172,RECEIVING-BAY-01,CONT-A02-R03-B03,RECEIVING-BAY-01,CONT-A02-R03-B03,WRK-010,2026-09-29T15:23:10.723826,CONTROLLED_ACCESS
PUT-00068,PUT-00068,MED-1004-023,BAT-2026-024,172,RECEIVING-BAY-01,CONT-A02-R03-B03,RECEIVING-BAY-01,CONT-A02-R03-B03,WRK-011,2026-09-28T10:23:10.723826,CONTROLLED_ACCESS
PUT-00069,PUT-00069,MED-1004-023,BAT-2026-024,172,RECEIVING-BAY-01,CONT-A02-R03-B03,RECEIVING-BAY-01,CONT-A02-R03-B03,WRK-010,2026-09-20T20:23:10.723826,CONTROLLED_ACCESS
PUT-00070,PUT-00070,MED-1005-024,BAT-2026-025,118,RECEIVING-BAY-01,HIGH-A01-R03-B01,RECEIVING-BAY-01,HIGH-A01-R03-B01,WRK-005,2026-09-22T19:23:10.723826,HIGH_VALUE
PUT-00071,PUT-00071,MED-1005-024,BAT-2026-025,118,RECEIVING-BAY-01,HIGH-A01-R03-B01,RECEIVING-BAY-01,HIGH-A01-R03-B01,WRK-008,2026-09-19T14:23:10.723826,HIGH_VALUE
PUT-00072,PUT-00072,MED-1005-024,BAT-2026-025,118,RECEIVING-BAY-01,HIGH-A01-R03-B01,RECEIVING-BAY-01,HIGH-A01-R03-B01,WRK-003,2026-09-27T08:23:10.723826,HIGH_VALUE
PUT-00073,PUT-00073,MED-1006-025,BAT-2026-001,172,RECEIVING-BAY-01,AMBI-A02-R03-B04,RECEIVING-BAY-01,AMBI-A02-R03-B04,WRK-007,2026-09-27T02:23:10.723826,AMBIENT
PUT-00074,PUT-00074,MED-1006-025,BAT-2026-001,172,RECEIVING-BAY-01,AMBI-A02-R03-B04,RECEIVING-BAY-01,AMBI-A02-R03-B04,WRK-013,2026-09-26T04:23:10.723826,AMBIENT
PUT-00075,PUT-00075,MED-1006-025,BAT-2026-001,172,RECEIVING-BAY-01,AMBI-A02-R03-B04,RECEIVING-BAY-01,AMBI-A02-R03-B04,WRK-001,2026-09-22T17:23:10.723826,AMBIENT
PUT-00076,PUT-00076,MED-1007-026,BAT-2026-002,155,RECEIVING-BAY-01,CONT-A02-R04-B04,RECEIVING-BAY-01,CONT-A02-R04-B04,WRK-008,2026-09-21T02:23:10.723826,CONTROLLED_ACCESS
PUT-00077,PUT-00077,MED-1007-026,BAT-2026-002,155,RECEIVING-BAY-01,CONT-A02-R04-B04,RECEIVING-BAY-01,CONT-A02-R04-B04,WRK-017,2026-09-22T11:23:10.723826,CONTROLLED_ACCESS
PUT-00078,PUT-00078,MED-1007-026,BAT-2026-002,155,RECEIVING-BAY-01,CONT-A02-R04-B04,RECEIVING-BAY-01,CONT-A02-R04-B04,WRK-018,2026-09-26T14:23:10.723826,CONTROLLED_ACCESS
PUT-00079,PUT-00079,MED-1008-027,BAT-2026-003,161,RECEIVING-BAY-01,COLD-A02-R01-B02,RECEIVING-BAY-01,COLD-A02-R01-B02,WRK-015,2026-09-22T16:23:10.723826,COLD_STORAGE
PUT-00080,PUT-00080,MED-1008-027,BAT-2026-003,161,RECEIVING-BAY-01,COLD-A02-R01-B02,RECEIVING-BAY-01,COLD-A02-R01-B02,WRK-017,2026-09-22T03:23:10.723826,COLD_STORAGE
PUT-00081,PUT-00081,MED-1008-027,BAT-2026-003,161,RECEIVING-BAY-01,COLD-A02-R01-B02,RECEIVING-BAY-01,COLD-A02-R01-B02,WRK-011,2026-09-28T08:23:10.723826,COLD_STORAGE
PUT-00082,PUT-00082,MED-1009-028,BAT-2026-004,194,RECEIVING-BAY-01,QUAR-A01-R02-B03,RECEIVING-BAY-01,QUAR-A01-R02-B03,WRK-017,2026-09-27T08:23:10.723826,QUARANTINE
PUT-00083,PUT-00083,MED-1009-028,BAT-2026-004,194,RECEIVING-BAY-01,QUAR-A01-R02-B03,RECEIVING-BAY-01,QUAR-A01-R02-B03,WRK-015,2026-09-26T06:23:10.723826,QUARANTINE
PUT-00084,PUT-00084,MED-1009-028,BAT-2026-004,194,RECEIVING-BAY-01,QUAR-A01-R02-B03,RECEIVING-BAY-01,QUAR-A01-R02-B03,WRK-016,2026-09-22T12:23:10.723826,QUARANTINE
PUT-00085,PUT-00085,MED-1010-029,BAT-2026-005,194,RECEIVING-BAY-01,HIGH-A01-R03-B01,RECEIVING-BAY-01,HIGH-A01-R03-B01,WRK-008,2026-09-26T21:23:10.723826,HIGH_VALUE
PUT-00086,PUT-00086,MED-1010-029,BAT-2026-005,194,RECEIVING-BAY-01,HIGH-A01-R03-B01,RECEIVING-BAY-01,HIGH-A01-R03-B01,WRK-017,2026-09-29T21:23:10.723826,HIGH_VALUE
PUT-00087,PUT-00087,MED-1010-029,BAT-2026-005,194,RECEIVING-BAY-01,HIGH-A01-R03-B01,RECEIVING-BAY-01,HIGH-A01-R03-B01,WRK-008,2026-09-27T09:23:10.723826,HIGH_VALUE
PUT-00088,PUT-00088,MED-1001-030,BAT-2026-006,184,RECEIVING-BAY-01,AMBI-A02-R01-B02,RECEIVING-BAY-01,AMBI-A02-R01-B02,WRK-003,2026-09-24T03:23:10.723826,AMBIENT
PUT-00089,PUT-00089,MED-1001-030,BAT-2026-006,184,RECEIVING-BAY-01,AMBI-A02-R01-B02,RECEIVING-BAY-01,AMBI-A02-R01-B02,WRK-009,2026-09-23T20:23:10.723826,AMBIENT
PUT-00090,PUT-00090,MED-1001-030,BAT-2026-006,184,RECEIVING-BAY-01,AMBI-A02-R01-B02,RECEIVING-BAY-01,AMBI-A02-R01-B02,WRK-018,2026-09-24T23:23:10.723826,AMBIENT
PUT-00091,PUT-00091,MED-1002-031,BAT-2026-007,48,RECEIVING-BAY-01,COLD-A02-R02-B03,RECEIVING-BAY-01,COLD-A02-R02-B03,WRK-005,2026-09-20T17:23:10.723826,COLD_STORAGE
PUT-00092,PUT-00092,MED-1002-031,BAT-2026-007,48,RECEIVING-BAY-01,COLD-A02-R02-B03,RECEIVING-BAY-01,COLD-A02-R02-B03,WRK-005,2026-09-23T01:23:10.723826,COLD_STORAGE
PUT-00093,PUT-00093,MED-1002-031,BAT-2026-007,48,RECEIVING-BAY-01,COLD-A02-R02-B03,RECEIVING-BAY-01,COLD-A02-R02-B03,WRK-014,2026-09-22T15:23:10.723826,COLD_STORAGE
PUT-00094,PUT-00094,MED-1003-032,BAT-2026-008,131,RECEIVING-BAY-01,COLD-A02-R01-B02,RECEIVING-BAY-01,COLD-A02-R01-B02,WRK-018,2026-09-25T23:23:10.723826,COLD_STORAGE
PUT-00095,PUT-00095,MED-1003-032,BAT-2026-008,131,RECEIVING-BAY-01,COLD-A02-R01-B02,RECEIVING-BAY-01,COLD-A02-R01-B02,WRK-002,2026-09-27T02:23:10.723826,COLD_STORAGE
PUT-00096,PUT-00096,MED-1003-032,BAT-2026-008,131,RECEIVING-BAY-01,COLD-A02-R01-B02,RECEIVING-BAY-01,COLD-A02-R01-B02,WRK-013,2026-09-23T02:23:10.723826,COLD_STORAGE
PUT-00097,PUT-00097,MED-1004-033,BAT-2026-009,136,RECEIVING-BAY-01,CONT-A01-R04-B03,RECEIVING-BAY-01,CONT-A01-R04-B03,WRK-001,2026-09-29T11:23:10.723826,CONTROLLED_ACCESS
PUT-00098,PUT-00098,MED-1004-033,BAT-2026-009,136,RECEIVING-BAY-01,CONT-A01-R04-B03,RECEIVING-BAY-01,CONT-A01-R04-B03,WRK-016,2026-09-29T01:23:10.723826,CONTROLLED_ACCESS
PUT-00099,PUT-00099,MED-1004-033,BAT-2026-009,136,RECEIVING-BAY-01,CONT-A01-R04-B03,RECEIVING-BAY-01,CONT-A01-R04-B03,WRK-010,2026-09-20T00:23:10.723826,CONTROLLED_ACCESS
PUT-00100,PUT-00100,MED-1005-034,BAT-2026-010,87,RECEIVING-BAY-01,HIGH-A01-R02-B04,RECEIVING-BAY-01,HIGH-A01-R02-B04,WRK-018,2026-09-26T02:23:10.723826,HIGH_VALUE
PUT-00101,PUT-00101,MED-1005-034,BAT-2026-010,87,RECEIVING-BAY-01,HIGH-A01-R02-B04,RECEIVING-BAY-01,HIGH-A01-R02-B04,WRK-008,2026-09-28T08:23:10.723826,HIGH_VALUE
PUT-00102,PUT-00102,MED-1005-034,BAT-2026-010,87,RECEIVING-BAY-01,HIGH-A01-R02-B04,RECEIVING-BAY-01,HIGH-A01-R02-B04,WRK-009,2026-09-26T20:23:10.723826,HIGH_VALUE
PUT-00103,PUT-00103,MED-1006-035,BAT-2026-011,149,RECEIVING-BAY-01,AMBI-A01-R04-B04,RECEIVING-BAY-01,AMBI-A01-R04-B04,WRK-001,2026-09-26T04:23:10.723826,AMBIENT
PUT-00104,PUT-00104,MED-1006-035,BAT-2026-011,149,RECEIVING-BAY-01,AMBI-A01-R04-B04,RECEIVING-BAY-01,AMBI-A01-R04-B04,WRK-013,2026-09-25T23:23:10.723826,AMBIENT
PUT-00105,PUT-00105,MED-1006-035,BAT-2026-011,149,RECEIVING-BAY-01,AMBI-A01-R04-B04,RECEIVING-BAY-01,AMBI-A01-R04-B04,WRK-005,2026-09-22T03:23:10.723826,AMBIENT
PUT-00106,PUT-00106,MED-1007-036,BAT-2026-012,180,RECEIVING-BAY-01,CONT-A01-R03-B02,RECEIVING-BAY-01,CONT-A01-R03-B02,WRK-001,2026-09-29T06:23:10.723826,CONTROLLED_ACCESS
PUT-00107,PUT-00107,MED-1007-036,BAT-2026-012,180,RECEIVING-BAY-01,CONT-A01-R03-B02,RECEIVING-BAY-01,CONT-A01-R03-B02,WRK-001,2026-09-26T07:23:10.723826,CONTROLLED_ACCESS
PUT-00108,PUT-00108,MED-1007-036,BAT-2026-012,180,RECEIVING-BAY-01,CONT-A01-R03-B02,RECEIVING-BAY-01,CONT-A01-R03-B02,WRK-014,2026-09-21T09:23:10.723826,CONTROLLED_ACCESS
PUT-00109,PUT-00109,MED-1008-037,BAT-2026-013,183,RECEIVING-BAY-01,COLD-A02-R01-B02,RECEIVING-BAY-01,COLD-A02-R01-B02,WRK-006,2026-09-22T03:23:10.723826,COLD_STORAGE
PUT-00110,PUT-00110,MED-1008-037,BAT-2026-013,183,RECEIVING-BAY-01,COLD-A02-R01-B02,RECEIVING-BAY-01,COLD-A02-R01-B02,WRK-013,2026-09-19T21:23:10.723826,COLD_STORAGE
PUT-00111,PUT-00111,MED-1008-037,BAT-2026-013,183,RECEIVING-BAY-01,COLD-A02-R01-B02,RECEIVING-BAY-01,COLD-A02-R01-B02,WRK-015,2026-09-24T19:23:10.723826,COLD_STORAGE
PUT-00112,PUT-00112,MED-1009-038,BAT-2026-014,59,RECEIVING-BAY-01,QUAR-A01-R05-B02,RECEIVING-BAY-01,QUAR-A01-R05-B02,WRK-013,2026-09-24T23:23:10.723826,QUARANTINE
PUT-00113,PUT-00113,MED-1009-038,BAT-2026-014,59,RECEIVING-BAY-01,QUAR-A01-R05-B02,RECEIVING-BAY-01,QUAR-A01-R05-B02,WRK-009,2026-09-24T02:23:10.723826,QUARANTINE
PUT-00114,PUT-00114,MED-1009-038,BAT-2026-014,59,RECEIVING-BAY-01,QUAR-A01-R05-B02,RECEIVING-BAY-01,QUAR-A01-R05-B02,WRK-001,2026-09-21T04:23:10.723826,QUARANTINE
PUT-00115,PUT-00115,MED-1010-039,BAT-2026-015,61,RECEIVING-BAY-01,HIGH-A02-R02-B01,RECEIVING-BAY-01,HIGH-A02-R02-B01,WRK-012,2026-09-27T14:23:10.723826,HIGH_VALUE
PUT-00116,PUT-00116,MED-1010-039,BAT-2026-015,61,RECEIVING-BAY-01,HIGH-A02-R02-B01,RECEIVING-BAY-01,HIGH-A02-R02-B01,WRK-003,2026-09-23T09:23:10.723826,HIGH_VALUE
PUT-00117,PUT-00117,MED-1010-039,BAT-2026-015,61,RECEIVING-BAY-01,HIGH-A02-R02-B01,RECEIVING-BAY-01,HIGH-A02-R02-B01,WRK-001,2026-09-29T14:23:10.723826,HIGH_VALUE
PUT-00118,PUT-00118,MED-1001-040,BAT-2026-016,173,RECEIVING-BAY-01,AMBI-A01-R02-B02,RECEIVING-BAY-01,AMBI-A01-R02-B02,WRK-001,2026-09-22T19:23:10.723826,AMBIENT
PUT-00119,PUT-00119,MED-1001-040,BAT-2026-016,173,RECEIVING-BAY-01,AMBI-A01-R02-B02,RECEIVING-BAY-01,AMBI-A01-R02-B02,WRK-008,2026-09-28T17:23:10.723826,AMBIENT
PUT-00120,PUT-00120,MED-1001-040,BAT-2026-016,173,RECEIVING-BAY-01,AMBI-A01-R02-B02,RECEIVING-BAY-01,AMBI-A01-R02-B02,WRK-004,2026-09-22T04:23:10.723826,AMBIENT
PUT-00121,PUT-00121,MED-1002-041,BAT-2026-017,145,RECEIVING-BAY-01,COLD-A02-R02-B03,RECEIVING-BAY-01,COLD-A02-R02-B03,WRK-015,2026-09-28T19:23:10.723826,COLD_STORAGE
PUT-00122,PUT-00122,MED-1002-041,BAT-2026-017,145,RECEIVING-BAY-01,COLD-A02-R02-B03,RECEIVING-BAY-01,COLD-A02-R02-B03,WRK-006,2026-09-24T00:23:10.723826,COLD_STORAGE
PUT-00123,PUT-00123,MED-1002-041,BAT-2026-017,145,RECEIVING-BAY-01,COLD-A02-R02-B03,RECEIVING-BAY-01,COLD-A02-R02-B03,WRK-004,2026-09-29T08:23:10.723826,COLD_STORAGE
PUT-00124,PUT-00124,MED-1003-042,BAT-2026-018,48,RECEIVING-BAY-01,COLD-A01-R02-B02,RECEIVING-BAY-01,COLD-A01-R02-B02,WRK-004,2026-09-21T22:23:10.723826,COLD_STORAGE
PUT-00125,PUT-00125,MED-1003-042,BAT-2026-018,48,RECEIVING-BAY-01,COLD-A01-R02-B02,RECEIVING-BAY-01,COLD-A01-R02-B02,WRK-010,2026-09-28T13:23:10.723826,COLD_STORAGE
PUT-00126,PUT-00126,MED-1003-042,BAT-2026-018,48,RECEIVING-BAY-01,COLD-A01-R02-B02,RECEIVING-BAY-01,COLD-A01-R02-B02,WRK-013,2026-09-29T10:23:10.723826,COLD_STORAGE
PUT-00127,PUT-00127,MED-1004-043,BAT-2026-019,98,RECEIVING-BAY-01,CONT-A02-R02-B02,RECEIVING-BAY-01,CONT-A02-R02-B02,WRK-007,2026-09-26T11:23:10.723826,CONTROLLED_ACCESS
PUT-00128,PUT-00128,MED-1004-043,BAT-2026-019,98,RECEIVING-BAY-01,CONT-A02-R02-B02,RECEIVING-BAY-01,CONT-A02-R02-B02,WRK-008,2026-09-21T07:23:10.723826,CONTROLLED_ACCESS
PUT-00129,PUT-00129,MED-1004-043,BAT-2026-019,98,RECEIVING-BAY-01,CONT-A02-R02-B02,RECEIVING-BAY-01,CONT-A02-R02-B02,WRK-010,2026-09-21T11:23:10.723826,CONTROLLED_ACCESS
PUT-00130,PUT-00130,MED-1005-044,BAT-2026-020,34,RECEIVING-BAY-01,HIGH-A01-R05-B03,RECEIVING-BAY-01,HIGH-A01-R05-B03,WRK-004,2026-09-30T08:23:10.723826,HIGH_VALUE
PUT-00131,PUT-00131,MED-1005-044,BAT-2026-020,34,RECEIVING-BAY-01,HIGH-A01-R05-B03,RECEIVING-BAY-01,HIGH-A01-R05-B03,WRK-012,2026-09-28T14:23:10.723826,HIGH_VALUE
PUT-00132,PUT-00132,MED-1005-044,BAT-2026-020,34,RECEIVING-BAY-01,HIGH-A01-R05-B03,RECEIVING-BAY-01,HIGH-A01-R05-B03,WRK-012,2026-09-28T02:23:10.723826,HIGH_VALUE
PUT-00133,PUT-00133,MED-1006-045,BAT-2026-021,165,RECEIVING-BAY-01,AMBI-A01-R05-B01,RECEIVING-BAY-01,AMBI-A01-R05-B01,WRK-011,2026-09-21T05:23:10.723826,AMBIENT
PUT-00134,PUT-00134,MED-1006-045,BAT-2026-021,165,RECEIVING-BAY-01,AMBI-A01-R05-B01,RECEIVING-BAY-01,AMBI-A01-R05-B01,WRK-016,2026-09-20T02:23:10.723826,AMBIENT
PUT-00135,PUT-00135,MED-1006-045,BAT-2026-021,165,RECEIVING-BAY-01,AMBI-A01-R05-B01,RECEIVING-BAY-01,AMBI-A01-R05-B01,WRK-012,2026-09-21T02:23:10.723826,AMBIENT
PUT-00136,PUT-00136,MED-1007-046,BAT-2026-022,41,RECEIVING-BAY-01,CONT-A01-R03-B02,RECEIVING-BAY-01,CONT-A01-R03-B02,WRK-005,2026-09-30T03:23:10.723826,CONTROLLED_ACCESS
PUT-00137,PUT-00137,MED-1007-046,BAT-2026-022,41,RECEIVING-BAY-01,CONT-A01-R03-B02,RECEIVING-BAY-01,CONT-A01-R03-B02,WRK-017,2026-09-25T18:23:10.723826,CONTROLLED_ACCESS
PUT-00138,PUT-00138,MED-1007-046,BAT-2026-022,41,RECEIVING-BAY-01,CONT-A01-R03-B02,RECEIVING-BAY-01,CONT-A01-R03-B02,WRK-018,2026-09-29T21:23:10.723826,CONTROLLED_ACCESS
PUT-00139,PUT-00139,MED-1008-047,BAT-2026-023,37,RECEIVING-BAY-01,COLD-A02-R04-B01,RECEIVING-BAY-01,COLD-A02-R04-B01,WRK-014,2026-09-27T03:23:10.723826,COLD_STORAGE
PUT-00140,PUT-00140,MED-1008-047,BAT-2026-023,37,RECEIVING-BAY-01,COLD-A02-R04-B01,RECEIVING-BAY-01,COLD-A02-R04-B01,WRK-011,2026-09-28T21:23:10.723826,COLD_STORAGE
PUT-00141,PUT-00141,MED-1008-047,BAT-2026-023,37,RECEIVING-BAY-01,COLD-A02-R04-B01,RECEIVING-BAY-01,COLD-A02-R04-B01,WRK-009,2026-09-22T15:23:10.723826,COLD_STORAGE
PUT-00142,PUT-00142,MED-1009-048,BAT-2026-024,52,RECEIVING-BAY-01,QUAR-A01-R04-B01,RECEIVING-BAY-01,QUAR-A01-R04-B01,WRK-015,2026-09-26T20:23:10.723826,QUARANTINE
PUT-00143,PUT-00143,MED-1009-048,BAT-2026-024,52,RECEIVING-BAY-01,QUAR-A01-R04-B01,RECEIVING-BAY-01,QUAR-A01-R04-B01,WRK-013,2026-09-29T08:23:10.723826,QUARANTINE
PUT-00144,PUT-00144,MED-1009-048,BAT-2026-024,52,RECEIVING-BAY-01,QUAR-A01-R04-B01,RECEIVING-BAY-01,QUAR-A01-R04-B01,WRK-016,2026-09-24T13:23:10.723826,QUARANTINE
PUT-00145,PUT-00145,MED-1010-049,BAT-2026-025,160,RECEIVING-BAY-01,HIGH-A02-R04-B03,RECEIVING-BAY-01,HIGH-A02-R04-B03,WRK-016,2026-09-24T18:23:10.723826,HIGH_VALUE
PUT-00146,PUT-00146,MED-1010-049,BAT-2026-025,160,RECEIVING-BAY-01,HIGH-A02-R04-B03,RECEIVING-BAY-01,HIGH-A02-R04-B03,WRK-009,2026-09-23T00:23:10.723826,HIGH_VALUE
PUT-00147,PUT-00147,MED-1010-049,BAT-2026-025,160,RECEIVING-BAY-01,HIGH-A02-R04-B03,RECEIVING-BAY-01,HIGH-A02-R04-B03,WRK-009,2026-09-24T21:23:10.723826,HIGH_VALUE
PUT-00148,PUT-00148,MED-1001-050,BAT-2026-001,87,RECEIVING-BAY-01,AMBI-A01-R04-B04,RECEIVING-BAY-01,AMBI-A01-R04-B04,WRK-017,2026-09-27T13:23:10.723826,AMBIENT
PUT-00149,PUT-00149,MED-1001-050,BAT-2026-001,87,RECEIVING-BAY-01,AMBI-A01-R04-B04,RECEIVING-BAY-01,AMBI-A01-R04-B04,WRK-008,2026-09-22T15:23:10.723826,AMBIENT
PUT-00150,PUT-00150,MED-1001-050,BAT-2026-001,87,RECEIVING-BAY-01,AMBI-A01-R04-B04,RECEIVING-BAY-01,AMBI-A01-R04-B04,WRK-018,2026-09-26T04:23:10.723826,AMBIENT
PUT-00151,PUT-00151,MED-1002-051,BAT-2026-002,74,RECEIVING-BAY-01,COLD-A02-R03-B04,RECEIVING-BAY-01,COLD-A02-R03-B04,WRK-016,2026-09-23T11:23:10.723826,COLD_STORAGE
PUT-00152,PUT-00152,MED-1002-051,BAT-2026-002,74,RECEIVING-BAY-01,COLD-A02-R03-B04,RECEIVING-BAY-01,COLD-A02-R03-B04,WRK-016,2026-09-30T11:23:10.723826,COLD_STORAGE
PUT-00153,PUT-00153,MED-1002-051,BAT-2026-002,74,RECEIVING-BAY-01,COLD-A02-R03-B04,RECEIVING-BAY-01,COLD-A02-R03-B04,WRK-003,2026-09-26T13:23:10.723826,COLD_STORAGE
PUT-00154,PUT-00154,MED-1003-052,BAT-2026-003,99,RECEIVING-BAY-01,COLD-A01-R05-B01,RECEIVING-BAY-01,COLD-A01-R05-B01,WRK-013,2026-09-23T20:23:10.723826,COLD_STORAGE
PUT-00155,PUT-00155,MED-1003-052,BAT-2026-003,99,RECEIVING-BAY-01,COLD-A01-R05-B01,RECEIVING-BAY-01,COLD-A01-R05-B01,WRK-012,2026-09-22T22:23:10.723826,COLD_STORAGE
PUT-00156,PUT-00156,MED-1003-052,BAT-2026-003,99,RECEIVING-BAY-01,COLD-A01-R05-B01,RECEIVING-BAY-01,COLD-A01-R05-B01,WRK-017,2026-09-27T06:23:10.723826,COLD_STORAGE
PUT-00157,PUT-00157,MED-1004-053,BAT-2026-004,191,RECEIVING-BAY-01,CONT-A02-R03-B03,RECEIVING-BAY-01,CONT-A02-R03-B03,WRK-018,2026-09-25T02:23:10.723826,CONTROLLED_ACCESS
PUT-00158,PUT-00158,MED-1004-053,BAT-2026-004,191,RECEIVING-BAY-01,CONT-A02-R03-B03,RECEIVING-BAY-01,CONT-A02-R03-B03,WRK-015,2026-09-25T00:23:10.723826,CONTROLLED_ACCESS
PUT-00159,PUT-00159,MED-1004-053,BAT-2026-004,191,RECEIVING-BAY-01,CONT-A02-R03-B03,RECEIVING-BAY-01,CONT-A02-R03-B03,WRK-009,2026-09-23T22:23:10.723826,CONTROLLED_ACCESS
PUT-00160,PUT-00160,MED-1005-054,BAT-2026-005,132,RECEIVING-BAY-01,HIGH-A02-R02-B01,RECEIVING-BAY-01,HIGH-A02-R02-B01,WRK-007,2026-09-22T16:23:10.723826,HIGH_VALUE
PUT-00161,PUT-00161,MED-1005-054,BAT-2026-005,132,RECEIVING-BAY-01,HIGH-A02-R02-B01,RECEIVING-BAY-01,HIGH-A02-R02-B01,WRK-018,2026-09-24T16:23:10.723826,HIGH_VALUE
PUT-00162,PUT-00162,MED-1005-054,BAT-2026-005,132,RECEIVING-BAY-01,HIGH-A02-R02-B01,RECEIVING-BAY-01,HIGH-A02-R02-B01,WRK-007,2026-09-21T19:23:10.723826,HIGH_VALUE
PUT-00163,PUT-00163,MED-1006-055,BAT-2026-006,50,RECEIVING-BAY-01,AMBI-A02-R04-B01,RECEIVING-BAY-01,AMBI-A02-R04-B01,WRK-017,2026-09-26T21:23:10.723826,AMBIENT
PUT-00164,PUT-00164,MED-1006-055,BAT-2026-006,50,RECEIVING-BAY-01,AMBI-A02-R04-B01,RECEIVING-BAY-01,AMBI-A02-R04-B01,WRK-004,2026-09-28T22:23:10.723826,AMBIENT
PUT-00165,PUT-00165,MED-1006-055,BAT-2026-006,50,RECEIVING-BAY-01,AMBI-A02-R04-B01,RECEIVING-BAY-01,AMBI-A02-R04-B01,WRK-008,2026-09-22T22:23:10.723826,AMBIENT
PUT-00166,PUT-00166,MED-1007-056,BAT-2026-007,77,RECEIVING-BAY-01,CONT-A01-R05-B04,RECEIVING-BAY-01,CONT-A01-R05-B04,WRK-010,2026-09-24T18:23:10.723826,CONTROLLED_ACCESS
PUT-00167,PUT-00167,MED-1007-056,BAT-2026-007,77,RECEIVING-BAY-01,CONT-A01-R05-B04,RECEIVING-BAY-01,CONT-A01-R05-B04,WRK-018,2026-09-20T11:23:10.723826,CONTROLLED_ACCESS
PUT-00168,PUT-00168,MED-1007-056,BAT-2026-007,77,RECEIVING-BAY-01,CONT-A01-R05-B04,RECEIVING-BAY-01,CONT-A01-R05-B04,WRK-002,2026-09-21T21:23:10.723826,CONTROLLED_ACCESS
PUT-00169,PUT-00169,MED-1008-057,BAT-2026-008,106,RECEIVING-BAY-01,COLD-A01-R03-B03,RECEIVING-BAY-01,COLD-A01-R03-B03,WRK-010,2026-09-20T06:23:10.723826,COLD_STORAGE
PUT-00170,PUT-00170,MED-1008-057,BAT-2026-008,106,RECEIVING-BAY-01,COLD-A01-R03-B03,RECEIVING-BAY-01,COLD-A01-R03-B03,WRK-016,2026-09-22T09:23:10.723826,COLD_STORAGE
PUT-00171,PUT-00171,MED-1008-057,BAT-2026-008,106,RECEIVING-BAY-01,COLD-A01-R03-B03,RECEIVING-BAY-01,COLD-A01-R03-B03,WRK-010,2026-09-20T13:23:10.723826,COLD_STORAGE
PUT-00172,PUT-00172,MED-1009-058,BAT-2026-009,170,RECEIVING-BAY-01,QUAR-A01-R02-B03,RECEIVING-BAY-01,QUAR-A01-R02-B03,WRK-015,2026-09-27T04:23:10.723826,QUARANTINE
PUT-00173,PUT-00173,MED-1009-058,BAT-2026-009,170,RECEIVING-BAY-01,QUAR-A01-R02-B03,RECEIVING-BAY-01,QUAR-A01-R02-B03,WRK-002,2026-09-24T18:23:10.723826,QUARANTINE
PUT-00174,PUT-00174,MED-1009-058,BAT-2026-009,170,RECEIVING-BAY-01,QUAR-A01-R02-B03,RECEIVING-BAY-01,QUAR-A01-R02-B03,WRK-004,2026-09-24T04:23:10.723826,QUARANTINE
PUT-00175,PUT-00175,MED-1010-059,BAT-2026-010,170,RECEIVING-BAY-01,HIGH-A01-R05-B03,RECEIVING-BAY-01,HIGH-A01-R05-B03,WRK-016,2026-09-21T01:23:10.723826,HIGH_VALUE
PUT-00176,PUT-00176,MED-1010-059,BAT-2026-010,170,RECEIVING-BAY-01,HIGH-A01-R05-B03,RECEIVING-BAY-01,HIGH-A01-R05-B03,WRK-002,2026-09-21T07:23:10.723826,HIGH_VALUE
PUT-00177,PUT-00177,MED-1010-059,BAT-2026-010,170,RECEIVING-BAY-01,HIGH-A01-R05-B03,RECEIVING-BAY-01,HIGH-A01-R05-B03,WRK-010,2026-09-21T17:23:10.723826,HIGH_VALUE
PUT-00178,PUT-00178,MED-1001-060,BAT-2026-011,21,RECEIVING-BAY-01,AMBI-A01-R05-B01,RECEIVING-BAY-01,AMBI-A01-R05-B01,WRK-004,2026-09-20T20:23:10.723826,AMBIENT
PUT-00179,PUT-00179,MED-1001-060,BAT-2026-011,21,RECEIVING-BAY-01,AMBI-A01-R05-B01,RECEIVING-BAY-01,AMBI-A01-R05-B01,WRK-008,2026-09-28T02:23:10.723826,AMBIENT
PUT-00180,PUT-00180,MED-1001-060,BAT-2026-011,21,RECEIVING-BAY-01,AMBI-A01-R05-B01,RECEIVING-BAY-01,AMBI-A01-R05-B01,WRK-015,2026-09-28T01:23:10.723826,AMBIENT
PUT-00181,PUT-00181,MED-1002-061,BAT-2026-012,181,RECEIVING-BAY-01,COLD-A01-R03-B03,RECEIVING-BAY-01,COLD-A01-R03-B03,WRK-014,2026-09-26T22:23:10.723826,COLD_STORAGE
PUT-00182,PUT-00182,MED-1002-061,BAT-2026-012,181,RECEIVING-BAY-01,COLD-A01-R03-B03,RECEIVING-BAY-01,COLD-A01-R03-B03,WRK-002,2026-09-24T07:23:10.723826,COLD_STORAGE
PUT-00183,PUT-00183,MED-1002-061,BAT-2026-012,181,RECEIVING-BAY-01,COLD-A01-R03-B03,RECEIVING-BAY-01,COLD-A01-R03-B03,WRK-004,2026-09-29T12:23:10.723826,COLD_STORAGE
PUT-00184,PUT-00184,MED-1003-062,BAT-2026-013,78,RECEIVING-BAY-01,COLD-A01-R02-B02,RECEIVING-BAY-01,COLD-A01-R02-B02,WRK-007,2026-09-23T09:23:10.723826,COLD_STORAGE
PUT-00185,PUT-00185,MED-1003-062,BAT-2026-013,78,RECEIVING-BAY-01,COLD-A01-R02-B02,RECEIVING-BAY-01,COLD-A01-R02-B02,WRK-003,2026-09-24T10:23:10.723826,COLD_STORAGE
PUT-00186,PUT-00186,MED-1003-062,BAT-2026-013,78,RECEIVING-BAY-01,COLD-A01-R02-B02,RECEIVING-BAY-01,COLD-A01-R02-B02,WRK-006,2026-09-21T20:23:10.723826,COLD_STORAGE
PUT-00187,PUT-00187,MED-1004-063,BAT-2026-014,28,RECEIVING-BAY-01,CONT-A01-R03-B02,RECEIVING-BAY-01,CONT-A01-R03-B02,WRK-006,2026-09-27T15:23:10.723826,CONTROLLED_ACCESS
PUT-00188,PUT-00188,MED-1004-063,BAT-2026-014,28,RECEIVING-BAY-01,CONT-A01-R03-B02,RECEIVING-BAY-01,CONT-A01-R03-B02,WRK-015,2026-09-20T02:23:10.723826,CONTROLLED_ACCESS
PUT-00189,PUT-00189,MED-1004-063,BAT-2026-014,28,RECEIVING-BAY-01,CONT-A01-R03-B02,RECEIVING-BAY-01,CONT-A01-R03-B02,WRK-010,2026-09-29T04:23:10.723826,CONTROLLED_ACCESS
PUT-00190,PUT-00190,MED-1005-064,BAT-2026-015,38,RECEIVING-BAY-01,HIGH-A02-R02-B01,RECEIVING-BAY-01,HIGH-A02-R02-B01,WRK-010,2026-09-19T20:23:10.723826,HIGH_VALUE
PUT-00191,PUT-00191,MED-1005-064,BAT-2026-015,38,RECEIVING-BAY-01,HIGH-A02-R02-B01,RECEIVING-BAY-01,HIGH-A02-R02-B01,WRK-015,2026-09-24T11:23:10.723826,HIGH_VALUE
PUT-00192,PUT-00192,MED-1005-064,BAT-2026-015,38,RECEIVING-BAY-01,HIGH-A02-R02-B01,RECEIVING-BAY-01,HIGH-A02-R02-B01,WRK-008,2026-09-21T10:23:10.723826,HIGH_VALUE
PUT-00193,PUT-00193,MED-1006-065,BAT-2026-016,91,RECEIVING-BAY-01,AMBI-A01-R05-B01,RECEIVING-BAY-01,AMBI-A01-R05-B01,WRK-007,2026-09-24T09:23:10.723826,AMBIENT
PUT-00194,PUT-00194,MED-1006-065,BAT-2026-016,91,RECEIVING-BAY-01,AMBI-A01-R05-B01,RECEIVING-BAY-01,AMBI-A01-R05-B01,WRK-018,2026-09-25T16:23:10.723826,AMBIENT
PUT-00195,PUT-00195,MED-1006-065,BAT-2026-016,91,RECEIVING-BAY-01,AMBI-A01-R05-B01,RECEIVING-BAY-01,AMBI-A01-R05-B01,WRK-005,2026-09-23T09:23:10.723826,AMBIENT
PUT-00196,PUT-00196,MED-1007-066,BAT-2026-017,74,RECEIVING-BAY-01,CONT-A02-R04-B04,RECEIVING-BAY-01,CONT-A02-R04-B04,WRK-003,2026-09-23T17:23:10.723826,CONTROLLED_ACCESS
PUT-00197,PUT-00197,MED-1007-066,BAT-2026-017,74,RECEIVING-BAY-01,CONT-A02-R04-B04,RECEIVING-BAY-01,CONT-A02-R04-B04,WRK-010,2026-09-19T18:23:10.723826,CONTROLLED_ACCESS
PUT-00198,PUT-00198,MED-1007-066,BAT-2026-017,74,RECEIVING-BAY-01,CONT-A02-R04-B04,RECEIVING-BAY-01,CONT-A02-R04-B04,WRK-010,2026-09-29T12:23:10.723826,CONTROLLED_ACCESS
PUT-00199,PUT-00199,MED-1008-067,BAT-2026-018,166,RECEIVING-BAY-01,COLD-A01-R04-B04,RECEIVING-BAY-01,COLD-A01-R04-B04,WRK-015,2026-09-26T16:23:10.723826,COLD_STORAGE
PUT-00200,PUT-00200,MED-1008-067,BAT-2026-018,166,RECEIVING-BAY-01,COLD-A01-R04-B04,RECEIVING-BAY-01,COLD-A01-R04-B04,WRK-013,2026-09-24T11:23:10.723826,COLD_STORAGE
PUT-00201,PUT-00201,MED-1008-067,BAT-2026-018,166,RECEIVING-BAY-01,COLD-A01-R04-B04,RECEIVING-BAY-01,COLD-A01-R04-B04,WRK-018,2026-09-24T05:23:10.723826,COLD_STORAGE
PUT-00202,PUT-00202,MED-1009-068,BAT-2026-019,82,RECEIVING-BAY-01,QUAR-A02-R04-B02,RECEIVING-BAY-01,QUAR-A02-R04-B02,WRK-003,2026-09-27T03:23:10.723826,QUARANTINE
PUT-00203,PUT-00203,MED-1009-068,BAT-2026-019,82,RECEIVING-BAY-01,QUAR-A02-R04-B02,RECEIVING-BAY-01,QUAR-A02-R04-B02,WRK-014,2026-09-28T14:23:10.723826,QUARANTINE
PUT-00204,PUT-00204,MED-1009-068,BAT-2026-019,82,RECEIVING-BAY-01,QUAR-A02-R04-B02,RECEIVING-BAY-01,QUAR-A02-R04-B02,WRK-009,2026-09-25T08:23:10.723826,QUARANTINE
PUT-00205,PUT-00205,MED-1010-069,BAT-2026-020,124,RECEIVING-BAY-01,HIGH-A02-R04-B03,RECEIVING-BAY-01,HIGH-A02-R04-B03,WRK-008,2026-09-19T15:23:10.723826,HIGH_VALUE
PUT-00206,PUT-00206,MED-1010-069,BAT-2026-020,124,RECEIVING-BAY-01,HIGH-A02-R04-B03,RECEIVING-BAY-01,HIGH-A02-R04-B03,WRK-001,2026-09-30T07:23:10.723826,HIGH_VALUE
PUT-00207,PUT-00207,MED-1010-069,BAT-2026-020,124,RECEIVING-BAY-01,HIGH-A02-R04-B03,RECEIVING-BAY-01,HIGH-A02-R04-B03,WRK-002,2026-09-29T21:23:10.723826,HIGH_VALUE
PUT-00208,PUT-00208,MED-1001-070,BAT-2026-021,44,RECEIVING-BAY-01,AMBI-A01-R05-B01,RECEIVING-BAY-01,AMBI-A01-R05-B01,WRK-017,2026-09-22T04:23:10.723826,AMBIENT
PUT-00209,PUT-00209,MED-1001-070,BAT-2026-021,44,RECEIVING-BAY-01,AMBI-A01-R05-B01,RECEIVING-BAY-01,AMBI-A01-R05-B01,WRK-009,2026-09-30T03:23:10.723826,AMBIENT
PUT-00210,PUT-00210,MED-1001-070,BAT-2026-021,44,RECEIVING-BAY-01,AMBI-A01-R05-B01,RECEIVING-BAY-01,AMBI-A01-R05-B01,WRK-014,2026-09-22T07:23:10.723826,AMBIENT
PUT-00211,PUT-00211,MED-1002-071,BAT-2026-022,188,RECEIVING-BAY-01,COLD-A01-R03-B03,RECEIVING-BAY-01,COLD-A01-R03-B03,WRK-003,2026-09-30T04:23:10.723826,COLD_STORAGE
PUT-00212,PUT-00212,MED-1002-071,BAT-2026-022,188,RECEIVING-BAY-01,COLD-A01-R03-B03,RECEIVING-BAY-01,COLD-A01-R03-B03,WRK-014,2026-09-27T00:23:10.723826,COLD_STORAGE
PUT-00213,PUT-00213,MED-1002-071,BAT-2026-022,188,RECEIVING-BAY-01,COLD-A01-R03-B03,RECEIVING-BAY-01,COLD-A01-R03-B03,WRK-004,2026-09-24T23:23:10.723826,COLD_STORAGE
PUT-00214,PUT-00214,MED-1003-072,BAT-2026-023,110,RECEIVING-BAY-01,COLD-A02-R03-B04,RECEIVING-BAY-01,COLD-A02-R03-B04,WRK-014,2026-09-21T23:23:10.723826,COLD_STORAGE
PUT-00215,PUT-00215,MED-1003-072,BAT-2026-023,110,RECEIVING-BAY-01,COLD-A02-R03-B04,RECEIVING-BAY-01,COLD-A02-R03-B04,WRK-013,2026-09-26T22:23:10.723826,COLD_STORAGE
PUT-00216,PUT-00216,MED-1003-072,BAT-2026-023,110,RECEIVING-BAY-01,COLD-A02-R03-B04,RECEIVING-BAY-01,COLD-A02-R03-B04,WRK-015,2026-09-27T14:23:10.723826,COLD_STORAGE
PUT-00217,PUT-00217,MED-1004-073,BAT-2026-024,125,RECEIVING-BAY-01,CONT-A02-R03-B03,RECEIVING-BAY-01,CONT-A02-R03-B03,WRK-009,2026-09-20T23:23:10.723826,CONTROLLED_ACCESS
PUT-00218,PUT-00218,MED-1004-073,BAT-2026-024,125,RECEIVING-BAY-01,CONT-A02-R03-B03,RECEIVING-BAY-01,CONT-A02-R03-B03,WRK-013,2026-09-24T16:23:10.723826,CONTROLLED_ACCESS
PUT-00219,PUT-00219,MED-1004-073,BAT-2026-024,125,RECEIVING-BAY-01,CONT-A02-R03-B03,RECEIVING-BAY-01,CONT-A02-R03-B03,WRK-018,2026-09-27T13:23:10.723826,CONTROLLED_ACCESS
PUT-00220,PUT-00220,MED-1005-074,BAT-2026-025,33,RECEIVING-BAY-01,HIGH-A02-R04-B03,RECEIVING-BAY-01,HIGH-A02-R04-B03,WRK-002,2026-09-27T02:23:10.723826,HIGH_VALUE
PUT-00221,PUT-00221,MED-1005-074,BAT-2026-025,33,RECEIVING-BAY-01,HIGH-A02-R04-B03,RECEIVING-BAY-01,HIGH-A02-R04-B03,WRK-012,2026-09-23T05:23:10.723826,HIGH_VALUE
PUT-00222,PUT-00222,MED-1005-074,BAT-2026-025,33,RECEIVING-BAY-01,HIGH-A02-R04-B03,RECEIVING-BAY-01,HIGH-A02-R04-B03,WRK-015,2026-09-29T04:23:10.723826,HIGH_VALUE
PUT-00223,PUT-00223,MED-1006-075,BAT-2026-001,35,RECEIVING-BAY-01,AMBI-A01-R03-B03,RECEIVING-BAY-01,AMBI-A01-R03-B03,WRK-009,2026-09-19T19:23:10.723826,AMBIENT
PUT-00224,PUT-00224,MED-1006-075,BAT-2026-001,35,RECEIVING-BAY-01,AMBI-A01-R03-B03,RECEIVING-BAY-01,AMBI-A01-R03-B03,WRK-010,2026-09-27T17:23:10.723826,AMBIENT
PUT-00225,PUT-00225,MED-1006-075,BAT-2026-001,35,RECEIVING-BAY-01,AMBI-A01-R03-B03,RECEIVING-BAY-01,AMBI-A01-R03-B03,WRK-016,2026-09-27T11:23:10.723826,AMBIENT
PUT-00226,PUT-00226,MED-1007-076,BAT-2026-002,106,RECEIVING-BAY-01,CONT-A02-R03-B03,RECEIVING-BAY-01,CONT-A02-R03-B03,WRK-008,2026-09-20T13:23:10.723826,CONTROLLED_ACCESS
PUT-00227,PUT-00227,MED-1007-076,BAT-2026-002,106,RECEIVING-BAY-01,CONT-A02-R03-B03,RECEIVING-BAY-01,CONT-A02-R03-B03,WRK-018,2026-09-21T22:23:10.723826,CONTROLLED_ACCESS
PUT-00228,PUT-00228,MED-1007-076,BAT-2026-002,106,RECEIVING-BAY-01,CONT-A02-R03-B03,RECEIVING-BAY-01,CONT-A02-R03-B03,WRK-014,2026-09-20T06:23:10.723826,CONTROLLED_ACCESS
PUT-00229,PUT-00229,MED-1008-077,BAT-2026-003,83,RECEIVING-BAY-01,COLD-A01-R03-B03,RECEIVING-BAY-01,COLD-A01-R03-B03,WRK-004,2026-09-20T20:23:10.723826,COLD_STORAGE
PUT-00230,PUT-00230,MED-1008-077,BAT-2026-003,83,RECEIVING-BAY-01,COLD-A01-R03-B03,RECEIVING-BAY-01,COLD-A01-R03-B03,WRK-005,2026-09-26T16:23:10.723826,COLD_STORAGE
PUT-00231,PUT-00231,MED-1008-077,BAT-2026-003,83,RECEIVING-BAY-01,COLD-A01-R03-B03,RECEIVING-BAY-01,COLD-A01-R03-B03,WRK-010,2026-09-27T11:23:10.723826,COLD_STORAGE
PUT-00232,PUT-00232,MED-1009-078,BAT-2026-004,68,RECEIVING-BAY-01,QUAR-A01-R05-B02,RECEIVING-BAY-01,QUAR-A01-R05-B02,WRK-009,2026-09-28T11:23:10.723826,QUARANTINE
PUT-00233,PUT-00233,MED-1009-078,BAT-2026-004,68,RECEIVING-BAY-01,QUAR-A01-R05-B02,RECEIVING-BAY-01,QUAR-A01-R05-B02,WRK-016,2026-09-26T04:23:10.723826,QUARANTINE
PUT-00234,PUT-00234,MED-1009-078,BAT-2026-004,68,RECEIVING-BAY-01,QUAR-A01-R05-B02,RECEIVING-BAY-01,QUAR-A01-R05-B02,WRK-018,2026-09-23T03:23:10.723826,QUARANTINE
PUT-00235,PUT-00235,MED-1010-079,BAT-2026-005,55,RECEIVING-BAY-01,HIGH-A02-R04-B03,RECEIVING-BAY-01,HIGH-A02-R04-B03,WRK-007,2026-09-22T01:23:10.723826,HIGH_VALUE
PUT-00236,PUT-00236,MED-1010-079,BAT-2026-005,55,RECEIVING-BAY-01,HIGH-A02-R04-B03,RECEIVING-BAY-01,HIGH-A02-R04-B03,WRK-005,2026-09-29T05:23:10.723826,HIGH_VALUE
PUT-00237,PUT-00237,MED-1010-079,BAT-2026-005,55,RECEIVING-BAY-01,HIGH-A02-R04-B03,RECEIVING-BAY-01,HIGH-A02-R04-B03,WRK-014,2026-09-20T21:23:10.723826,HIGH_VALUE
PUT-00238,PUT-00238,MED-1001-080,BAT-2026-006,66,RECEIVING-BAY-01,AMBI-A02-R03-B04,RECEIVING-BAY-01,AMBI-A02-R03-B04,WRK-009,2026-09-25T05:23:10.723826,AMBIENT
PUT-00239,PUT-00239,MED-1001-080,BAT-2026-006,66,RECEIVING-BAY-01,AMBI-A02-R03-B04,RECEIVING-BAY-01,AMBI-A02-R03-B04,WRK-010,2026-09-19T22:23:10.723826,AMBIENT
PUT-00240,PUT-00240,MED-1001-080,BAT-2026-006,66,RECEIVING-BAY-01,AMBI-A02-R03-B04,RECEIVING-BAY-01,AMBI-A02-R03-B04,WRK-016,2026-09-29T07:23:10.723826,AMBIENT
PUT-00241,PUT-00241,MED-1002-081,BAT-2026-007,138,RECEIVING-BAY-01,COLD-A02-R01-B02,RECEIVING-BAY-01,COLD-A02-R01-B02,WRK-018,2026-09-22T03:23:10.723826,COLD_STORAGE
PUT-00242,PUT-00242,MED-1002-081,BAT-2026-007,138,RECEIVING-BAY-01,COLD-A02-R01-B02,RECEIVING-BAY-01,COLD-A02-R01-B02,WRK-011,2026-09-27T00:23:10.723826,COLD_STORAGE
PUT-00243,PUT-00243,MED-1002-081,BAT-2026-007,138,RECEIVING-BAY-01,COLD-A02-R01-B02,RECEIVING-BAY-01,COLD-A02-R01-B02,WRK-013,2026-09-28T06:23:10.723826,COLD_STORAGE
PUT-00244,PUT-00244,MED-1003-082,BAT-2026-008,39,RECEIVING-BAY-01,COLD-A01-R05-B01,RECEIVING-BAY-01,COLD-A01-R05-B01,WRK-007,2026-09-26T23:23:10.723826,COLD_STORAGE
PUT-00245,PUT-00245,MED-1003-082,BAT-2026-008,39,RECEIVING-BAY-01,COLD-A01-R05-B01,RECEIVING-BAY-01,COLD-A01-R05-B01,WRK-013,2026-09-23T07:23:10.723826,COLD_STORAGE
PUT-00246,PUT-00246,MED-1003-082,BAT-2026-008,39,RECEIVING-BAY-01,COLD-A01-R05-B01,RECEIVING-BAY-01,COLD-A01-R05-B01,WRK-002,2026-09-23T02:23:10.723826,COLD_STORAGE
PUT-00247,PUT-00247,MED-1004-083,BAT-2026-009,160,RECEIVING-BAY-01,CONT-A02-R04-B04,RECEIVING-BAY-01,CONT-A02-R04-B04,WRK-016,2026-09-25T12:23:10.723826,CONTROLLED_ACCESS
PUT-00248,PUT-00248,MED-1004-083,BAT-2026-009,160,RECEIVING-BAY-01,CONT-A02-R04-B04,RECEIVING-BAY-01,CONT-A02-R04-B04,WRK-005,2026-09-26T01:23:10.723826,CONTROLLED_ACCESS
PUT-00249,PUT-00249,MED-1004-083,BAT-2026-009,160,RECEIVING-BAY-01,CONT-A02-R04-B04,RECEIVING-BAY-01,CONT-A02-R04-B04,WRK-005,2026-09-26T14:23:10.723826,CONTROLLED_ACCESS
PUT-00250,PUT-00250,MED-1005-084,BAT-2026-010,32,RECEIVING-BAY-01,HIGH-A01-R03-B01,RECEIVING-BAY-01,HIGH-A01-R03-B01,WRK-011,2026-09-28T07:23:10.723826,HIGH_VALUE
PUT-00251,PUT-00251,MED-1005-084,BAT-2026-010,32,RECEIVING-BAY-01,HIGH-A01-R03-B01,RECEIVING-BAY-01,HIGH-A01-R03-B01,WRK-004,2026-09-21T03:23:10.723826,HIGH_VALUE
PUT-00252,PUT-00252,MED-1005-084,BAT-2026-010,32,RECEIVING-BAY-01,HIGH-A01-R03-B01,RECEIVING-BAY-01,HIGH-A01-R03-B01,WRK-001,2026-09-28T03:23:10.723826,HIGH_VALUE
PUT-00253,PUT-00253,MED-1006-085,BAT-2026-011,43,RECEIVING-BAY-01,AMBI-A01-R02-B02,RECEIVING-BAY-01,AMBI-A01-R02-B02,WRK-005,2026-09-22T02:23:10.723826,AMBIENT
PUT-00254,PUT-00254,MED-1006-085,BAT-2026-011,43,RECEIVING-BAY-01,AMBI-A01-R02-B02,RECEIVING-BAY-01,AMBI-A01-R02-B02,WRK-009,2026-09-21T04:23:10.723826,AMBIENT
PUT-00255,PUT-00255,MED-1006-085,BAT-2026-011,43,RECEIVING-BAY-01,AMBI-A01-R02-B02,RECEIVING-BAY-01,AMBI-A01-R02-B02,WRK-013,2026-09-25T08:23:10.723826,AMBIENT
PUT-00256,PUT-00256,MED-1007-086,BAT-2026-012,62,RECEIVING-BAY-01,CONT-A01-R05-B04,RECEIVING-BAY-01,CONT-A01-R05-B04,WRK-011,2026-09-29T15:23:10.723826,CONTROLLED_ACCESS
PUT-00257,PUT-00257,MED-1007-086,BAT-2026-012,62,RECEIVING-BAY-01,CONT-A01-R05-B04,RECEIVING-BAY-01,CONT-A01-R05-B04,WRK-013,2026-09-30T06:23:10.723826,CONTROLLED_ACCESS
PUT-00258,PUT-00258,MED-1007-086,BAT-2026-012,62,RECEIVING-BAY-01,CONT-A01-R05-B04,RECEIVING-BAY-01,CONT-A01-R05-B04,WRK-016,2026-09-25T09:23:10.723826,CONTROLLED_ACCESS
PUT-00259,PUT-00259,MED-1008-087,BAT-2026-013,144,RECEIVING-BAY-01,COLD-A02-R03-B04,RECEIVING-BAY-01,COLD-A02-R03-B04,WRK-003,2026-09-27T14:23:10.723826,COLD_STORAGE
PUT-00260,PUT-00260,MED-1008-087,BAT-2026-013,144,RECEIVING-BAY-01,COLD-A02-R03-B04,RECEIVING-BAY-01,COLD-A02-R03-B04,WRK-010,2026-09-23T09:23:10.723826,COLD_STORAGE
PUT-00261,PUT-00261,MED-1008-087,BAT-2026-013,144,RECEIVING-BAY-01,COLD-A02-R03-B04,RECEIVING-BAY-01,COLD-A02-R03-B04,WRK-003,2026-09-23T12:23:10.723826,COLD_STORAGE
PUT-00262,PUT-00262,MED-1009-088,BAT-2026-014,74,RECEIVING-BAY-01,QUAR-A02-R04-B02,RECEIVING-BAY-01,QUAR-A02-R04-B02,WRK-004,2026-09-25T16:23:10.723826,QUARANTINE
PUT-00263,PUT-00263,MED-1009-088,BAT-2026-014,74,RECEIVING-BAY-01,QUAR-A02-R04-B02,RECEIVING-BAY-01,QUAR-A02-R04-B02,WRK-010,2026-09-26T18:23:10.723826,QUARANTINE
PUT-00264,PUT-00264,MED-1009-088,BAT-2026-014,74,RECEIVING-BAY-01,QUAR-A02-R04-B02,RECEIVING-BAY-01,QUAR-A02-R04-B02,WRK-011,2026-09-19T14:23:10.723826,QUARANTINE
PUT-00265,PUT-00265,MED-1010-089,BAT-2026-015,35,RECEIVING-BAY-01,HIGH-A02-R03-B02,RECEIVING-BAY-01,HIGH-A02-R03-B02,WRK-012,2026-09-19T22:23:10.723826,HIGH_VALUE
PUT-00266,PUT-00266,MED-1010-089,BAT-2026-015,35,RECEIVING-BAY-01,HIGH-A02-R03-B02,RECEIVING-BAY-01,HIGH-A02-R03-B02,WRK-005,2026-09-25T02:23:10.723826,HIGH_VALUE
PUT-00267,PUT-00267,MED-1010-089,BAT-2026-015,35,RECEIVING-BAY-01,HIGH-A02-R03-B02,RECEIVING-BAY-01,HIGH-A02-R03-B02,WRK-014,2026-09-23T05:23:10.723826,HIGH_VALUE
PUT-00268,PUT-00268,MED-1001-090,BAT-2026-016,117,RECEIVING-BAY-01,AMBI-A01-R04-B04,RECEIVING-BAY-01,AMBI-A01-R04-B04,WRK-006,2026-09-29T10:23:10.723826,AMBIENT
PUT-00269,PUT-00269,MED-1001-090,BAT-2026-016,117,RECEIVING-BAY-01,AMBI-A01-R04-B04,RECEIVING-BAY-01,AMBI-A01-R04-B04,WRK-003,2026-09-21T18:23:10.723826,AMBIENT
PUT-00270,PUT-00270,MED-1001-090,BAT-2026-016,117,RECEIVING-BAY-01,AMBI-A01-R04-B04,RECEIVING-BAY-01,AMBI-A01-R04-B04,WRK-008,2026-09-29T01:23:10.723826,AMBIENT
PUT-00271,PUT-00271,MED-1002-091,BAT-2026-017,119,RECEIVING-BAY-01,COLD-A01-R02-B02,RECEIVING-BAY-01,COLD-A01-R02-B02,WRK-005,2026-09-27T07:23:10.723826,COLD_STORAGE
PUT-00272,PUT-00272,MED-1002-091,BAT-2026-017,119,RECEIVING-BAY-01,COLD-A01-R02-B02,RECEIVING-BAY-01,COLD-A01-R02-B02,WRK-009,2026-09-23T03:23:10.723826,COLD_STORAGE
PUT-00273,PUT-00273,MED-1002-091,BAT-2026-017,119,RECEIVING-BAY-01,COLD-A01-R02-B02,RECEIVING-BAY-01,COLD-A01-R02-B02,WRK-001,2026-09-26T21:23:10.723826,COLD_STORAGE
PUT-00274,PUT-00274,MED-1003-092,BAT-2026-018,136,RECEIVING-BAY-01,COLD-A02-R01-B02,RECEIVING-BAY-01,COLD-A02-R01-B02,WRK-018,2026-09-26T22:23:10.723826,COLD_STORAGE
PUT-00275,PUT-00275,MED-1003-092,BAT-2026-018,136,RECEIVING-BAY-01,COLD-A02-R01-B02,RECEIVING-BAY-01,COLD-A02-R01-B02,WRK-015,2026-09-21T15:23:10.723826,COLD_STORAGE
PUT-00276,PUT-00276,MED-1003-092,BAT-2026-018,136,RECEIVING-BAY-01,COLD-A02-R01-B02,RECEIVING-BAY-01,COLD-A02-R01-B02,WRK-010,2026-09-25T07:23:10.723826,COLD_STORAGE
PUT-00277,PUT-00277,MED-1004-093,BAT-2026-019,128,RECEIVING-BAY-01,CONT-A02-R01-B01,RECEIVING-BAY-01,CONT-A02-R01-B01,WRK-009,2026-09-30T02:23:10.723826,CONTROLLED_ACCESS
PUT-00278,PUT-00278,MED-1004-093,BAT-2026-019,128,RECEIVING-BAY-01,CONT-A02-R01-B01,RECEIVING-BAY-01,CONT-A02-R01-B01,WRK-007,2026-09-26T22:23:10.723826,CONTROLLED_ACCESS
PUT-00279,PUT-00279,MED-1004-093,BAT-2026-019,128,RECEIVING-BAY-01,CONT-A02-R01-B01,RECEIVING-BAY-01,CONT-A02-R01-B01,WRK-004,2026-09-26T04:23:10.723826,CONTROLLED_ACCESS
PUT-00280,PUT-00280,MED-1005-094,BAT-2026-020,59,RECEIVING-BAY-01,HIGH-A02-R04-B03,RECEIVING-BAY-01,HIGH-A02-R04-B03,WRK-012,2026-09-23T01:23:10.723826,HIGH_VALUE
PUT-00281,PUT-00281,MED-1005-094,BAT-2026-020,59,RECEIVING-BAY-01,HIGH-A02-R04-B03,RECEIVING-BAY-01,HIGH-A02-R04-B03,WRK-010,2026-09-28T22:23:10.723826,HIGH_VALUE
PUT-00282,PUT-00282,MED-1005-094,BAT-2026-020,59,RECEIVING-BAY-01,HIGH-A02-R04-B03,RECEIVING-BAY-01,HIGH-A02-R04-B03,WRK-013,2026-09-20T10:23:10.723826,HIGH_VALUE
PUT-00283,PUT-00283,MED-1006-095,BAT-2026-021,95,RECEIVING-BAY-01,AMBI-A01-R05-B01,RECEIVING-BAY-01,AMBI-A01-R05-B01,WRK-002,2026-09-23T13:23:10.723826,AMBIENT
PUT-00284,PUT-00284,MED-1006-095,BAT-2026-021,95,RECEIVING-BAY-01,AMBI-A01-R05-B01,RECEIVING-BAY-01,AMBI-A01-R05-B01,WRK-016,2026-09-29T12:23:10.723826,AMBIENT
PUT-00285,PUT-00285,MED-1006-095,BAT-2026-021,95,RECEIVING-BAY-01,AMBI-A01-R05-B01,RECEIVING-BAY-01,AMBI-A01-R05-B01,WRK-012,2026-09-23T20:23:10.723826,AMBIENT
PUT-00286,PUT-00286,MED-1007-096,BAT-2026-022,34,RECEIVING-BAY-01,CONT-A01-R05-B04,RECEIVING-BAY-01,CONT-A01-R05-B04,WRK-007,2026-09-23T09:23:10.723826,CONTROLLED_ACCESS
PUT-00287,PUT-00287,MED-1007-096,BAT-2026-022,34,RECEIVING-BAY-01,CONT-A01-R05-B04,RECEIVING-BAY-01,CONT-A01-R05-B04,WRK-005,2026-09-28T21:23:10.723826,CONTROLLED_ACCESS
PUT-00288,PUT-00288,MED-1007-096,BAT-2026-022,34,RECEIVING-BAY-01,CONT-A01-R05-B04,RECEIVING-BAY-01,CONT-A01-R05-B04,WRK-002,2026-09-29T16:23:10.723826,CONTROLLED_ACCESS
PUT-00289,PUT-00289,MED-1008-097,BAT-2026-023,100,RECEIVING-BAY-01,COLD-A01-R02-B02,RECEIVING-BAY-01,COLD-A01-R02-B02,WRK-002,2026-09-24T03:23:10.723826,COLD_STORAGE
PUT-00290,PUT-00290,MED-1008-097,BAT-2026-023,100,RECEIVING-BAY-01,COLD-A01-R02-B02,RECEIVING-BAY-01,COLD-A01-R02-B02,WRK-005,2026-09-29T00:23:10.723826,COLD_STORAGE
PUT-00291,PUT-00291,MED-1008-097,BAT-2026-023,100,RECEIVING-BAY-01,COLD-A01-R02-B02,RECEIVING-BAY-01,COLD-A01-R02-B02,WRK-011,2026-09-20T22:23:10.723826,COLD_STORAGE
PUT-00292,PUT-00292,MED-1009-098,BAT-2026-024,32,RECEIVING-BAY-01,QUAR-A01-R02-B03,RECEIVING-BAY-01,QUAR-A01-R02-B03,WRK-007,2026-09-25T18:23:10.723826,QUARANTINE
PUT-00293,PUT-00293,MED-1009-098,BAT-2026-024,32,RECEIVING-BAY-01,QUAR-A01-R02-B03,RECEIVING-BAY-01,QUAR-A01-R02-B03,WRK-012,2026-09-22T06:23:10.723826,QUARANTINE
PUT-00294,PUT-00294,MED-1009-098,BAT-2026-024,32,RECEIVING-BAY-01,QUAR-A01-R02-B03,RECEIVING-BAY-01,QUAR-A01-R02-B03,WRK-009,2026-09-28T05:23:10.723826,QUARANTINE
PUT-00295,PUT-00295,MED-1010-099,BAT-2026-025,148,RECEIVING-BAY-01,HIGH-A02-R04-B03,RECEIVING-BAY-01,HIGH-A02-R04-B03,WRK-016,2026-09-21T21:23:10.723826,HIGH_VALUE
PUT-00296,PUT-00296,MED-1010-099,BAT-2026-025,148,RECEIVING-BAY-01,HIGH-A02-R04-B03,RECEIVING-BAY-01,HIGH-A02-R04-B03,WRK-011,2026-09-24T12:23:10.723826,HIGH_VALUE
PUT-00297,PUT-00297,MED-1010-099,BAT-2026-025,148,RECEIVING-BAY-01,HIGH-A02-R04-B03,RECEIVING-BAY-01,HIGH-A02-R04-B03,WRK-003,2026-09-21T03:23:10.723826,HIGH_VALUE
PUT-00298,PUT-00298,MED-1001-100,BAT-2026-001,34,RECEIVING-BAY-01,AMBI-A01-R04-B04,RECEIVING-BAY-01,AMBI-A01-R04-B04,WRK-013,2026-09-21T20:23:10.723826,AMBIENT
PUT-00299,PUT-00299,MED-1001-100,BAT-2026-001,34,RECEIVING-BAY-01,AMBI-A01-R04-B04,RECEIVING-BAY-01,AMBI-A01-R04-B04,WRK-003,2026-09-28T00:23:10.723826,AMBIENT
PUT-00300,PUT-00300,MED-1001-100,BAT-2026-001,34,RECEIVING-BAY-01,AMBI-A01-R04-B04,RECEIVING-BAY-01,AMBI-A01-R04-B04,WRK-009,2026-09-25T13:23:10.723826,AMBIENT
PUT-00301,PUT-00301,MED-1002-101,BAT-2026-002,67,RECEIVING-BAY-01,COLD-A01-R03-B03,RECEIVING-BAY-01,COLD-A01-R03-B03,WRK-015,2026-09-27T16:23:10.723826,COLD_STORAGE
PUT-00302,PUT-00302,MED-1002-101,BAT-2026-002,67,RECEIVING-BAY-01,COLD-A01-R03-B03,RECEIVING-BAY-01,COLD-A01-R03-B03,WRK-009,2026-09-25T10:23:10.723826,COLD_STORAGE
PUT-00303,PUT-00303,MED-1002-101,BAT-2026-002,67,RECEIVING-BAY-01,COLD-A01-R03-B03,RECEIVING-BAY-01,COLD-A01-R03-B03,WRK-012,2026-09-29T01:23:10.723826,COLD_STORAGE
PUT-00304,PUT-00304,MED-1003-102,BAT-2026-003,172,RECEIVING-BAY-01,COLD-A01-R03-B03,RECEIVING-BAY-01,COLD-A01-R03-B03,WRK-008,2026-09-21T10:23:10.723826,COLD_STORAGE
PUT-00305,PUT-00305,MED-1003-102,BAT-2026-003,172,RECEIVING-BAY-01,COLD-A01-R03-B03,RECEIVING-BAY-01,COLD-A01-R03-B03,WRK-018,2026-09-26T13:23:10.723826,COLD_STORAGE
PUT-00306,PUT-00306,MED-1003-102,BAT-2026-003,172,RECEIVING-BAY-01,COLD-A01-R03-B03,RECEIVING-BAY-01,COLD-A01-R03-B03,WRK-008,2026-09-25T08:23:10.723826,COLD_STORAGE
PUT-00307,PUT-00307,MED-1004-103,BAT-2026-004,192,RECEIVING-BAY-01,CONT-A01-R03-B02,RECEIVING-BAY-01,CONT-A01-R03-B02,WRK-015,2026-09-29T15:23:10.723826,CONTROLLED_ACCESS
PUT-00308,PUT-00308,MED-1004-103,BAT-2026-004,192,RECEIVING-BAY-01,CONT-A01-R03-B02,RECEIVING-BAY-01,CONT-A01-R03-B02,WRK-014,2026-09-24T09:23:10.723826,CONTROLLED_ACCESS
PUT-00309,PUT-00309,MED-1004-103,BAT-2026-004,192,RECEIVING-BAY-01,CONT-A01-R03-B02,RECEIVING-BAY-01,CONT-A01-R03-B02,WRK-002,2026-09-20T17:23:10.723826,CONTROLLED_ACCESS
PUT-00310,PUT-00310,MED-1005-104,BAT-2026-005,123,RECEIVING-BAY-01,HIGH-A01-R05-B03,RECEIVING-BAY-01,HIGH-A01-R05-B03,WRK-016,2026-09-19T22:23:10.723826,HIGH_VALUE
PUT-00311,PUT-00311,MED-1005-104,BAT-2026-005,123,RECEIVING-BAY-01,HIGH-A01-R05-B03,RECEIVING-BAY-01,HIGH-A01-R05-B03,WRK-008,2026-09-20T16:23:10.723826,HIGH_VALUE
PUT-00312,PUT-00312,MED-1005-104,BAT-2026-005,123,RECEIVING-BAY-01,HIGH-A01-R05-B03,RECEIVING-BAY-01,HIGH-A01-R05-B03,WRK-013,2026-09-27T17:23:10.723826,HIGH_VALUE
PUT-00313,PUT-00313,MED-1006-105,BAT-2026-006,165,RECEIVING-BAY-01,AMBI-A01-R03-B03,RECEIVING-BAY-01,AMBI-A01-R03-B03,WRK-018,2026-09-27T00:23:10.723826,AMBIENT
PUT-00314,PUT-00314,MED-1006-105,BAT-2026-006,165,RECEIVING-BAY-01,AMBI-A01-R03-B03,RECEIVING-BAY-01,AMBI-A01-R03-B03,WRK-005,2026-09-26T07:23:10.723826,AMBIENT
PUT-00315,PUT-00315,MED-1006-105,BAT-2026-006,165,RECEIVING-BAY-01,AMBI-A01-R03-B03,RECEIVING-BAY-01,AMBI-A01-R03-B03,WRK-004,2026-09-26T09:23:10.723826,AMBIENT
PUT-00316,PUT-00316,MED-1007-106,BAT-2026-007,168,RECEIVING-BAY-01,CONT-A01-R05-B04,RECEIVING-BAY-01,CONT-A01-R05-B04,WRK-014,2026-09-27T08:23:10.723826,CONTROLLED_ACCESS
PUT-00317,PUT-00317,MED-1007-106,BAT-2026-007,168,RECEIVING-BAY-01,CONT-A01-R05-B04,RECEIVING-BAY-01,CONT-A01-R05-B04,WRK-012,2026-09-23T14:23:10.723826,CONTROLLED_ACCESS
PUT-00318,PUT-00318,MED-1007-106,BAT-2026-007,168,RECEIVING-BAY-01,CONT-A01-R05-B04,RECEIVING-BAY-01,CONT-A01-R05-B04,WRK-015,2026-09-23T03:23:10.723826,CONTROLLED_ACCESS
PUT-00319,PUT-00319,MED-1008-107,BAT-2026-008,178,RECEIVING-BAY-01,COLD-A01-R02-B02,RECEIVING-BAY-01,COLD-A01-R02-B02,WRK-004,2026-09-23T00:23:10.723826,COLD_STORAGE
PUT-00320,PUT-00320,MED-1008-107,BAT-2026-008,178,RECEIVING-BAY-01,COLD-A01-R02-B02,RECEIVING-BAY-01,COLD-A01-R02-B02,WRK-018,2026-09-30T00:23:10.723826,COLD_STORAGE
PUT-00321,PUT-00321,MED-1008-107,BAT-2026-008,178,RECEIVING-BAY-01,COLD-A01-R02-B02,RECEIVING-BAY-01,COLD-A01-R02-B02,WRK-002,2026-09-30T00:23:10.723826,COLD_STORAGE
PUT-00322,PUT-00322,MED-1009-108,BAT-2026-009,127,RECEIVING-BAY-01,QUAR-A01-R03-B04,RECEIVING-BAY-01,QUAR-A01-R03-B04,WRK-007,2026-09-25T21:23:10.723826,QUARANTINE
PUT-00323,PUT-00323,MED-1009-108,BAT-2026-009,127,RECEIVING-BAY-01,QUAR-A01-R03-B04,RECEIVING-BAY-01,QUAR-A01-R03-B04,WRK-003,2026-09-21T03:23:10.723826,QUARANTINE
PUT-00324,PUT-00324,MED-1009-108,BAT-2026-009,127,RECEIVING-BAY-01,QUAR-A01-R03-B04,RECEIVING-BAY-01,QUAR-A01-R03-B04,WRK-001,2026-09-29T19:23:10.723826,QUARANTINE
PUT-00325,PUT-00325,MED-1010-109,BAT-2026-010,86,RECEIVING-BAY-01,HIGH-A02-R02-B01,RECEIVING-BAY-01,HIGH-A02-R02-B01,WRK-008,2026-09-19T23:23:10.723826,HIGH_VALUE
PUT-00326,PUT-00326,MED-1010-109,BAT-2026-010,86,RECEIVING-BAY-01,HIGH-A02-R02-B01,RECEIVING-BAY-01,HIGH-A02-R02-B01,WRK-007,2026-09-22T07:23:10.723826,HIGH_VALUE
PUT-00327,PUT-00327,MED-1010-109,BAT-2026-010,86,RECEIVING-BAY-01,HIGH-A02-R02-B01,RECEIVING-BAY-01,HIGH-A02-R02-B01,WRK-007,2026-09-21T06:23:10.723826,HIGH_VALUE
PUT-00328,PUT-00328,MED-1001-110,BAT-2026-011,191,RECEIVING-BAY-01,AMBI-A01-R05-B01,RECEIVING-BAY-01,AMBI-A01-R05-B01,WRK-008,2026-09-28T19:23:10.723826,AMBIENT
PUT-00329,PUT-00329,MED-1001-110,BAT-2026-011,191,RECEIVING-BAY-01,AMBI-A01-R05-B01,RECEIVING-BAY-01,AMBI-A01-R05-B01,WRK-001,2026-09-24T17:23:10.723826,AMBIENT
PUT-00330,PUT-00330,MED-1001-110,BAT-2026-011,191,RECEIVING-BAY-01,AMBI-A01-R05-B01,RECEIVING-BAY-01,AMBI-A01-R05-B01,WRK-005,2026-09-23T17:23:10.723826,AMBIENT
