count_id,id,location_id,sku,counted_quantity,actual_quantity,system_quantity,variance,worker_id,timestamp
CNT-00001,CNT-00001,COLD-A01-R05-B01,MED-1002-001,0,0,61,-61,WRK-007,2026-10-02T05:23:10.730033
CNT-00002,CNT-00002,COLD-A02-R03-B04,MED-1002-001,61,61,0,61,WRK-007,2026-10-02T05:38:10.730033
CNT-00003,CNT-00003,COLD-A02-R04-B01,MED-1003-002,0,0,117,-117,WRK-011,2026-10-02T17:23:10.730033
CNT-00004,CNT-00004,COLD-A02-R01-B02,MED-1003-002,117,117,0,117,WRK-011,2026-10-02T17:38:10.730033
CNT-00005,CNT-00005,CONT-A02-R01-B01,MED-1004-003,0,0,183,-183,WRK-002,2026-10-02T17:23:10.730033
CNT-00006,CNT-00006,CONT-A02-R01-B01,MED-1004-003,183,183,0,183,WRK-002,2026-10-02T17:38:10.730033
CNT-00007,CNT-00007,HIGH-A01-R05-B03,MED-1005-004,0,0,195,-195,WRK-008,2026-10-03T06:23:10.730033
CNT-00008,CNT-00008,HIGH-A02-R01-B04,MED-1005-004,195,195,0,195,WRK-008,2026-10-03T06:38:10.730033
CNT-00009,CNT-00009,AMBI-A02-R02-B03,MED-1006-005,0,0,34,-34,WRK-002,2026-10-02T01:23:10.730033
CNT-00010,CNT-00010,AMBI-A02-R01-B02,MED-1006-005,34,34,0,34,WRK-002,2026-10-02T01:38:10.730033
CNT-00011,CNT-00011,CONT-A01-R05-B04,MED-1007-006,0,0,28,-28,WRK-014,2026-10-03T00:23:10.730033
CNT-00012,CNT-00012,CONT-A02-R04-B04,MED-1007-006,28,28,0,28,WRK-014,2026-10-03T00:38:10.730033
CNT-00013,CNT-00013,COLD-A02-R02-B03,MED-1008-007,0,0,122,-122,WRK-002,2026-10-03T00:23:10.730033
CNT-00014,CNT-00014,COLD-A01-R02-B02,MED-1008-007,122,122,0,122,WRK-002,2026-10-03T00:38:10.730033
CNT-00015,CNT-00015,QUAR-A02-R01-B03,MED-1009-008,0,0,36,-36,WRK-016,2026-10-02T10:23:10.730033
CNT-00016,CNT-00016,QUAR-A01-R05-B02,MED-1009-008,36,36,0,36,WRK-016,2026-10-02T10:38:10.730033
CNT-00017,CNT-00017,HIGH-A01-R05-B03,MED-1010-009,0,0,165,-165,WRK-010,2026-10-03T00:23:10.730033
CNT-00018,CNT-00018,HIGH-A02-R04-B03,MED-1010-009,165,165,0,165,WRK-010,2026-10-03T00:38:10.730033
CNT-00019,CNT-00019,AMBI-A02-R02-B03,MED-1001-010,0,0,74,-74,WRK-001,2026-10-03T09:23:10.730033
CNT-00020,CNT-00020,AMBI-A02-R04-B01,MED-1001-010,74,74,0,74,WRK-001,2026-10-03T09:38:10.730033
CNT-00021,CNT-00021,COLD-A02-R04-B01,MED-1002-011,0,0,121,-121,WRK-004,2026-10-02T16:23:10.730033
CNT-00022,CNT-00022,COLD-A01-R05-B01,MED-1002-011,121,121,0,121,WRK-004,2026-10-02T16:38:10.730033
CNT-00023,CNT-00023,COLD-A02-R04-B01,MED-1003-012,0,0,56,-56,WRK-010,2026-10-02T14:23:10.730033
CNT-00024,CNT-00024,COLD-A02-R01-B02,MED-1003-012,56,56,0,56,WRK-010,2026-10-02T14:38:10.730033
CNT-00025,CNT-00025,COLD-A02-R03-B04,MED-1008-017,112,112,112,0,WRK-015,2026-09-28T13:23:10.730033
CNT-00026,CNT-00026,QUAR-A01-R05-B02,MED-1009-018,55,55,55,0,WRK-011,2026-10-02T13:23:10.730033
CNT-00027,CNT-00027,HIGH-A02-R04-B03,MED-1010-019,43,43,43,0,WRK-009,2026-09-29T13:23:10.730033
CNT-00028,CNT-00028,COLD-A01-R04-B04,MED-1002-021,180,180,180,0,WRK-010,2026-09-30T13:23:10.730033
CNT-00029,CNT-00029,HIGH-A01-R03-B01,MED-1005-024,118,118,118,0,WRK-014,2026-09-29T13:23:10.730033
CNT-00030,CNT-00030,CONT-A02-R04-B04,MED-1007-026,155,155,155,0,WRK-006,2026-10-02T13:23:10.730033
CNT-00031,CNT-00031,AMBI-A02-R01-B02,MED-1001-030,184,184,184,0,WRK-008,2026-09-29T13:23:10.730033
CNT-00032,CNT-00032,COLD-A02-R01-B02,MED-1003-032,131,131,131,0,WRK-010,2026-09-30T13:23:10.730033
CNT-00033,CNT-00033,AMBI-A01-R04-B04,MED-1006-035,149,149,149,0,WRK-008,2026-09-30T13:23:10.730033
CNT-00034,CNT-00034,CONT-A01-R03-B02,MED-1007-036,180,180,180,0,WRK-015,2026-10-02T13:23:10.730033
CNT-00035,CNT-00035,CONT-A02-R02-B02,MED-1004-043,98,98,98,0,WRK-012,2026-09-30T13:23:10.730033
CNT-00036,CNT-00036,AMBI-A01-R05-B01,MED-1006-045,165,165,165,0,WRK-016,2026-10-01T13:23:10.730033
CNT-00037,CNT-00037,CONT-A01-R03-B02,MED-1007-046,41,41,41,0,WRK-012,2026-09-28T13:23:10.730033
CNT-00038,CNT-00038,COLD-A01-R05-B01,MED-1003-052,99,99,99,0,WRK-003,2026-10-01T13:23:10.730033
CNT-00039,CNT-00039,COLD-A01-R03-B03,MED-1008-057,106,106,106,0,WRK-017,2026-09-28T13:23:10.730033
CNT-00040,CNT-00040,QUAR-A01-R02-B03,MED-1009-058,170,170,170,0,WRK-005,2026-09-28T13:23:10.730033
CNT-00041,CNT-00041,HIGH-A01-R05-B03,MED-1010-059,170,170,170,0,WRK-015,2026-09-28T13:23:10.730033
CNT-00042,CNT-00042,AMBI-A01-R05-B01,MED-1001-060,21,21,21,0,WRK-016,2026-10-01T13:23:10.730033
CNT-00043,CNT-00043,COLD-A01-R03-B03,MED-1002-061,181,181,181,0,WRK-015,2026-09-28T13:23:10.730033
CNT-00044,CNT-00044,CONT-A02-R04-B04,MED-1007-066,74,74,74,0,WRK-010,2026-09-29T13:23:10.730033
CNT-00045,CNT-00045,COLD-A02-R03-B04,MED-1003-072,110,110,110,0,WRK-003,2026-09-30T13:23:10.730033
CNT-00046,CNT-00046,HIGH-A02-R04-B03,MED-1005-074,33,33,33,0,WRK-016,2026-10-02T13:23:10.730033
CNT-00047,CNT-00047,AMBI-A01-R03-B03,MED-1006-075,35,35,35,0,WRK-006,2026-09-29T13:23:10.730033
CNT-00048,CNT-00048,COLD-A01-R02-B02,MED-1002-091,119,119,119,0,WRK-013,2026-09-28T13:23:10.730033
CNT-00049,CNT-00049,HIGH-A02-R04-B03,MED-1005-094,59,59,59,0,WRK-001,2026-10-02T13:23:10.730033
CNT-00050,CNT-00050,AMBI-A01-R04-B04,MED-1001-100,34,34,34,0,WRK-012,2026-09-29T13:23:10.730033
CNT-00051,CNT-00051,COLD-A01-R03-B03,MED-1002-101,67,67,67,0,WRK-004,2026-10-01T13:23:10.730033
CNT-00052,CNT-00052,COLD-A01-R03-B03,MED-1003-102,172,172,172,0,WRK-001,2026-09-29T13:23:10.730033
CNT-00053,CNT-00053,CONT-A01-R03-B02,MED-1004-103,192,192,192,0,WRK-004,2026-10-02T13:23:10.730033
CNT-00054,CNT-00054,QUAR-A01-R03-B04,MED-1009-108,127,127,127,0,WRK-013,2026-10-02T13:23:10.730033
