id,sku,batch_id,quantity,expected_location,predicted_location,verified_location,baseline_location,confidence,priority,sla_deadline,status,correction_status,safety_blocked,created_at
DISC-0001,MED-1002-001,BAT-2026-002,61,COLD-A01-R05-B01,COLD-A02-R03-B04,COLD-A02-R03-B04,COLD-A01-R05-B01,0.92,HIGH,2026-10-04T01:23:10.730033,OPEN,PENDING,False,2026-10-03T13:23:10.730033
DISC-0002,MED-1003-002,BAT-2026-003,117,COLD-A02-R04-B01,COLD-A02-R01-B02,COLD-A02-R01-B02,COLD-A02-R04-B01,0.92,HIGH,2026-10-04T01:23:10.730033,OPEN,PENDING,False,2026-10-03T10:23:10.730033
DISC-0003,MED-1004-003,BAT-2026-004,183,CONT-A02-R01-B01,CONT-A02-R01-B01,CONT-A02-R01-B01,CONT-A02-R01-B01,0.92,HIGH,2026-10-04T01:23:10.730033,OPEN,PENDING,False,2026-10-03T07:23:10.730033
DISC-0004,MED-1005-004,BAT-2026-005,195,HIGH-A01-R05-B03,HIGH-A02-R01-B04,HIGH-A02-R01-B04,HIGH-A01-R05-B03,0.92,HIGH,2026-10-04T01:23:10.730033,OPEN,PENDING,False,2026-10-03T04:23:10.730033
DISC-0005,MED-1006-005,BAT-2026-006,34,AMBI-A02-R02-B03,AMBI-A02-R01-B02,AMBI-A02-R01-B02,AMBI-A02-R02-B03,0.92,HIGH,2026-10-04T01:23:10.730033,OPEN,PENDING,False,2026-10-03T01:23:10.730033
DISC-0006,MED-1007-006,BAT-2026-007,28,CONT-A01-R05-B04,CONT-A02-R04-B04,CONT-A02-R04-B04,CONT-A01-R05-B04,0.92,HIGH,2026-10-04T01:23:10.730033,OPEN,PENDING,False,2026-10-02T22:23:10.730033
DISC-0007,MED-1008-007,BAT-2026-008,122,COLD-A02-R02-B03,COLD-A01-R02-B02,COLD-A01-R02-B02,COLD-A02-R02-B03,0.92,CRITICAL,2026-10-04T01:23:10.730033,OPEN,PENDING,False,2026-10-02T19:23:10.730033
DISC-0008,MED-1009-008,BAT-2026-009,36,QUAR-A02-R01-B03,QUAR-A01-R05-B02,QUAR-A01-R05-B02,QUAR-A02-R01-B03,0.92,CRITICAL,2026-10-04T01:23:10.730033,OPEN,PENDING,False,2026-10-02T16:23:10.730033
DISC-0009,MED-1010-009,BAT-2026-010,165,HIGH-A01-R05-B03,HIGH-A02-R04-B03,HIGH-A02-R04-B03,HIGH-A01-R05-B03,0.92,CRITICAL,2026-10-04T01:23:10.730033,OPEN,PENDING,False,2026-10-02T13:23:10.730033
DISC-0010,MED-1001-010,BAT-2026-011,74,AMBI-A02-R02-B03,AMBI-A02-R04-B01,AMBI-A02-R04-B01,AMBI-A02-R02-B03,0.92,CRITICAL,2026-10-04T01:23:10.730033,OPEN,PENDING,False,2026-10-02T10:23:10.730033
DISC-0011,MED-1002-011,BAT-2026-012,121,COLD-A02-R04-B01,COLD-A01-R05-B01,COLD-A01-R05-B01,COLD-A02-R04-B01,0.92,CRITICAL,2026-10-04T01:23:10.730033,OPEN,PENDING,False,2026-10-02T07:23:10.730033
DISC-0012,MED-1003-012,BAT-2026-013,56,COLD-A02-R04-B01,COLD-A02-R01-B02,COLD-A02-R01-B02,COLD-A02-R04-B01,0.92,CRITICAL,2026-10-04T01:23:10.730033,OPEN,PENDING,False,2026-10-02T04:23:10.730033
