worker_id,id,name,worker_name,role,shift,max_tasks,current_tasks,current_distance,max_distance,shift_status,status,authorized_zones,zone_authorization
WRK-001,WRK-001,Alex Smith,Alex Smith,INSPECTOR,NIGHT_SHIFT,5,3,1.9,10.0,ACTIVE,ACTIVE,AMBIENT,AMBIENT
WRK-002,WRK-002,Jordan Johnson,Jordan Johnson,WAREHOUSE_LEAD,SWIFT_SHIFT,5,4,1.9,10.0,ACTIVE,ACTIVE,"AMBIENT,COLD_STORAGE","AMBIENT,COLD_STORAGE"
WRK-003,WRK-003,Taylor Williams,Taylor Williams,FORKLIFT_OPERATOR,DAY_SHIFT,5,5,7.4,10.0,ACTIVE,ACTIVE,"AMBIENT,COLD_STORAGE,QUARANTINE,HIGH_VALUE,CONTROLLED_ACCESS","AMBIENT,COLD_STORAGE,QUARANTINE,HIGH_VALUE,CONTROLLED_ACCESS"
WRK-004,WRK-004,Morgan Brown,Morgan Brown,PICKER,NIGHT_SHIFT,5,3,7.1,10.0,ACTIVE,ACTIVE,"AMBIENT,COLD_STORAGE","AMBIENT,COLD_STORAGE"
WRK-005,WRK-005,Sam Jones,Sam Jones,INSPECTOR,SWIFT_SHIFT,5,4,5.1,10.0,ACTIVE,ACTIVE,AMBIENT,AMBIENT
WRK-006,WRK-006,Chris Garcia,Chris Garcia,WAREHOUSE_LEAD,DAY_SHIFT,5,4,1.8,10.0,ACTIVE,ACTIVE,"AMBIENT,COLD_STORAGE,QUARANTINE,HIGH_VALUE,CONTROLLED_ACCESS","AMBIENT,COLD_STORAGE,QUARANTINE,HIGH_VALUE,CONTROLLED_ACCESS"
WRK-007,WRK-007,Pat Miller,Pat Miller,FORKLIFT_OPERATOR,NIGHT_SHIFT,5,5,3.3,10.0,ACTIVE,ACTIVE,AMBIENT,AMBIENT
WRK-008,WRK-008,Riley Davis,Riley Davis,PICKER,SWIFT_SHIFT,5,3,5.4,10.0,ACTIVE,ACTIVE,"AMBIENT,COLD_STORAGE","AMBIENT,COLD_STORAGE"
WRK-009,WRK-009,Casey Rodriguez,Casey Rodriguez,INSPECTOR,DAY_SHIFT,5,1,1.5,10.0,ACTIVE,ACTIVE,"AMBIENT,COLD_STORAGE,QUARANTINE,HIGH_VALUE,CONTROLLED_ACCESS","AMBIENT,COLD_STORAGE,QUARANTINE,HIGH_VALUE,CONTROLLED_ACCESS"
WRK-010,WRK-010,Avery Martinez,Avery Martinez,WAREHOUSE_LEAD,NIGHT_SHIFT,5,2,6.8,10.0,ACTIVE,ACTIVE,"AMBIENT,COLD_STORAGE","AMBIENT,COLD_STORAGE"
WRK-011,WRK-011,Dakota Hernandez,Dakota Hernandez,FORKLIFT_OPERATOR,SWIFT_SHIFT,5,1,7.4,10.0,ACTIVE,ACTIVE,AMBIENT,AMBIENT
WRK-012,WRK-012,Reese Lopez,Reese Lopez,PICKER,DAY_SHIFT,5,1,4.0,10.0,ACTIVE,ACTIVE,"AMBIENT,COLD_STORAGE,QUARANTINE,HIGH_VALUE,CONTROLLED_ACCESS","AMBIENT,COLD_STORAGE,QUARANTINE,HIGH_VALUE,CONTROLLED_ACCESS"
WRK-013,WRK-013,Quinn Gonzalez,Quinn Gonzalez,INSPECTOR,NIGHT_SHIFT,5,4,5.8,10.0,ACTIVE,ACTIVE,AMBIENT,AMBIENT
WRK-014,WRK-014,Skyler Wilson,Skyler Wilson,WAREHOUSE_LEAD,SWIFT_SHIFT,5,3,2.4,10.0,ACTIVE,ACTIVE,"AMBIENT,COLD_STORAGE","AMBIENT,COLD_STORAGE"
WRK-015,WRK-015,Cameron Anderson,Cameron Anderson,FORKLIFT_OPERATOR,DAY_SHIFT,5,3,2.7,10.0,ACTIVE,ACTIVE,"AMBIENT,COLD_STORAGE,QUARANTINE,HIGH_VALUE,CONTROLLED_ACCESS","AMBIENT,COLD_STORAGE,QUARANTINE,HIGH_VALUE,CONTROLLED_ACCESS"
WRK-016,WRK-016,Rowan Thomas,Rowan Thomas,PICKER,NIGHT_SHIFT,5,3,6.3,10.0,ACTIVE,ACTIVE,"AMBIENT,COLD_STORAGE","AMBIENT,COLD_STORAGE"
WRK-017,WRK-017,Hayden Taylor,Hayden Taylor,INSPECTOR,SWIFT_SHIFT,5,1,5.6,10.0,ACTIVE,ACTIVE,AMBIENT,AMBIENT
WRK-018,WRK-018,Emerson Moore,Emerson Moore,WAREHOUSE_LEAD,DAY_SHIFT,5,2,5.1,10.0,OFF_SHIFT,INACTIVE,"AMBIENT,COLD_STORAGE,QUARANTINE,HIGH_VALUE,CONTROLLED_ACCESS","AMBIENT,COLD_STORAGE,QUARANTINE,HIGH_VALUE,CONTROLLED_ACCESS"
